Series_Title,Released_Year,Runtime,IMDB_Rating,Director,Star1,No_of_Votes,Gross,Metascore,Genre_Adventure,Genre_Animation,Genre_Biography,Genre_Comedy,Genre_Crime,Genre_Drama,Genre_Family,Genre_Fantasy,Genre_Film-Noir,Genre_Horror,Genre_Mystery,Genre_Thriller,Genre_Western
The Shawshank Redemption,1994,0.6805291267154798,4.905332076611415,Frank Darabont,Tim Robbins,6.324450845601932,-0.4971712504721595,10.0,False,False,False,False,False,True,False,False,False,False,False,False,False
The Godfather,1972,1.8557586615739676,4.542162455184637,Francis Ford Coppola,Marlon Brando,4.115639194340423,0.0332735780224384,10.0,False,False,False,False,True,False,False,False,False,False,False,False,False
The Dark Knight,2008,1.0366592887938095,3.815823212331096,Christopher Nolan,Christian Bale,6.20257766104116,2.0226829683791623,10.0,False,False,False,False,False,False,False,False,False,False,False,False,False
The Godfather: Part II,1974,2.8173100991854576,3.815823212331096,Francis Ford Coppola,Al Pacino,2.6168569633767,-0.35310643110043594,10.0,False,False,False,False,True,False,False,False,False,False,False,False,False
12 Angry Men,1957,-0.9576696188448364,3.815823212331096,Sidney Lumet,Henry Fonda,1.2718235705915062,-0.6164758519297951,10.0,False,False,False,False,True,False,False,False,False,False,False,False,False
The Lord of the Rings: The Return of the King,2003,2.7816970829776246,3.452653590904325,Peter Jackson,Elijah Wood,4.184069468564312,1.2415665826712448,10.0,False,False,False,False,False,False,False,False,False,False,False,False,False
Pulp Fiction,1994,1.1078853212094755,3.452653590904325,Quentin Tarantino,John Travolta,4.744659223416173,-0.10123511026085404,10.0,False,False,False,False,True,False,False,False,False,False,False,False,False
Schindler's List,1993,2.568018985730627,3.452653590904325,Steven Spielberg,Liam Neeson,2.8722075373675278,-0.15610760672969168,10.0,False,False,True,False,False,False,False,False,False,False,False,False,False
Inception,2010,0.8942072239624776,3.0894839694775547,Christopher Nolan,Leonardo DiCaprio,5.480745386067267,0.817361177741373,10.0,False,False,False,False,False,False,False,False,False,False,False,False,False
Fight Club,1999,0.573690078091981,3.0894839694775547,David Fincher,Brad Pitt,4.83191844317592,-0.45394646314671827,10.0,False,False,False,False,False,True,False,False,False,False,False,False,False
The Lord of the Rings: The Fellowship of the Ring,2001,1.9625977101974665,3.0894839694775547,Peter Jackson,Elijah Wood,4.241289781381688,0.9316266674965161,10.0,False,False,False,False,False,False,False,False,False,False,False,False,False
Forrest Gump,1994,0.6805291267154798,3.0894839694775547,Robert Zemeckis,Tom Hanks,4.692805511533866,1.0047941750093077,10.0,False,False,False,False,False,True,False,False,False,False,False,False,False
"Il buono, il brutto, il cattivo",1966,1.357176434664306,3.0894839694775547,Sergio Leone,Clint Eastwood,1.267376871069566,-0.6078195846037073,10.0,False,False,False,False,False,False,False,False,False,False,False,False,True
The Lord of the Rings: The Two Towers,2002,1.9982107264052993,2.7263143480507774,Peter Jackson,Elijah Wood,3.7036333826897154,1.0659809657796948,10.0,False,False,False,False,False,False,False,False,False,False,False,False,False
The Matrix,1999,0.4668510294684821,2.7263143480507774,Lana Wachowski,Lilly Wachowski,4.2869639561963915,0.21492345243633718,10.0,False,False,False,False,False,False,False,False,False,False,False,False,False
Goodfellas,1990,0.8229811915468117,2.7263143480507774,Martin Scorsese,Robert De Niro,2.28304888414378,-0.405161471750353,10.0,False,False,True,False,False,False,False,False,False,False,False,False,False
Star Wars: Episode V - The Empire Strikes Back,1980,0.03949483497448656,2.7263143480507774,Irvin Kershner,Mark Hamill,2.7065947214954114,0.8069083469055521,10.0,False,False,False,False,False,False,False,False,False,False,False,False,False
One Flew Over the Cuckoo's Nest,1975,0.3600119808449832,2.7263143480507774,Milos Forman,Jack Nicholson,1.9693686145682459,-0.08098124561940186,10.0,False,False,False,False,False,True,False,False,False,False,False,False,False
Hamilton,2020,1.321563418456473,2.363144726624007,Thomas Kail,Lin-Manuel Miranda,-0.6674691912264518,1.5556740577501182,10.0,False,False,True,False,False,False,False,False,False,False,False,False,False
Gisaengchung,2019,0.32439896463715023,2.363144726624007,Bong Joon Ho,Kang-ho Song,0.852926138719511,-0.37266838139002206,10.0,False,False,False,True,False,False,False,False,False,False,False,False,False
Soorarai Pottru,2020,1.0722723050016425,2.363144726624007,Sudha Kongara,Suriya,-0.6683738118852107,2.1320016948745573,10.0,False,False,False,False,False,True,False,False,False,False,False,False,False
Interstellar,2014,1.6420805643269698,2.363144726624007,Christopher Nolan,Matthew McConaughey,3.78555350687226,0.29720817351033063,10.0,True,False,False,False,False,False,False,False,False,False,False,False,False
Cidade de Deus,2002,0.25317293222148435,2.363144726624007,Fernando Meirelles,Kátia Lund,1.3005850064684668,-0.6005393802150897,10.0,False,False,False,False,True,False,False,False,False,False,False,False,False
Sen to Chihiro no kamikakushi,2001,0.07510785118231952,2.363144726624007,Hayao Miyazaki,Daveigh Chase,1.154256502612461,-0.5881397150587016,10.0,False,True,False,False,False,False,False,False,False,False,False,False,False
Saving Private Ryan,1998,1.6420805643269698,2.363144726624007,Steven Spielberg,Tom Hanks,2.940356645710992,0.43909579737842097,10.0,False,False,False,False,False,True,False,False,False,False,False,False,False
The Green Mile,1999,2.354340888483629,2.363144726624007,Frank Darabont,Tom Hanks,2.671384807273919,0.04240227357501308,10.0,False,False,False,False,True,False,False,False,False,False,False,False,False
La vita è bella,1997,-0.24540929468817713,2.363144726624007,Roberto Benigni,Roberto Benigni,1.0694574843064337,-0.3516226921572154,10.0,False,False,False,True,False,False,False,False,False,False,False,False,False
Se7en,1995,0.14633388359798544,2.363144726624007,David Fincher,Morgan Freeman,3.579984574471041,-0.14005458384779337,10.0,False,False,False,False,True,False,False,False,False,False,False,False,False
The Silence of the Lambs,1991,-0.1741832622725112,2.363144726624007,Jonathan Demme,Jodie Foster,3.045466842726857,0.012262285015087266,10.0,False,False,False,False,True,False,False,False,False,False,False,False,False
Star Wars,1977,-0.06734421364901232,2.363144726624007,George Lucas,Mark Hamill,2.9271204562748943,0.9674227705743658,10.0,False,False,False,False,False,False,False,False,False,False,False,False,False
Seppuku,1962,0.3600119808449832,2.363144726624007,Masaki Kobayashi,Tatsuya Nakadai,-0.7080762678917556,1.222326232612288,10.0,False,False,False,False,False,False,False,False,False,False,False,False,False
Shichinin no samurai,1954,2.9953751802246225,2.363144726624007,Akira Kurosawa,Toshirô Mifune,0.12851447240780564,-0.636827726411817,10.0,False,False,False,False,False,False,False,False,False,False,False,False,False
It's a Wonderful Life,1946,0.25317293222148435,2.363144726624007,Frank Capra,James Stewart,0.40374225168433664,-0.22831092048428145,10.0,False,False,False,False,False,True,False,False,False,False,False,False,False
Joker,2019,-0.03173119744117936,1.999975105197236,Todd Phillips,Joaquin Phoenix,2.0340489916695095,1.0306591465534543,10.0,False,False,False,False,True,False,False,False,False,False,False,False,False
Whiplash,2014,-0.6015394567665068,1.999975105197236,Damien Chazelle,Miles Teller,1.3566011958414141,-0.5730353195784169,10.0,False,False,False,False,False,True,False,False,False,False,False,False,False
The Intouchables,2011,-0.38786135951950895,1.999975105197236,Olivier Nakache,Éric Toledano,1.4873280494847025,-0.5725861836758499,10.0,False,False,True,False,False,False,False,False,False,False,False,False,False
The Prestige,2006,0.25317293222148435,1.999975105197236,Christopher Nolan,Christian Bale,2.80116425414621,-0.37405116039696923,10.0,False,False,False,False,False,True,False,False,False,False,False,False,False
The Departed,2006,1.0010462725859766,1.999975105197236,Martin Scorsese,Leonardo DiCaprio,2.799678964821356,0.020427995701966076,10.0,False,False,False,False,True,False,False,False,False,False,False,False,False
The Pianist,2002,0.9654332563781436,1.999975105197236,Roman Polanski,Adrien Brody,1.3933300170473766,-0.4761220539586259,10.0,False,False,True,False,False,False,False,False,False,False,False,False,False
Gladiator,2000,1.1434983374173084,1.999975105197236,Ridley Scott,Russell Crowe,3.2632573224739443,0.2956431303275065,10.0,False,False,False,False,False,False,False,False,False,False,False,False,False
American History X,1998,-0.13857024606467824,1.999975105197236,Tony Kaye,Edward Norton,2.3257677610631458,-0.6047358440923177,10.0,False,False,False,False,False,True,False,False,False,False,False,False,False
The Usual Suspects,1995,-0.6015394567665068,1.999975105197236,Bryan Singer,Kevin Spacey,2.192834366488696,-0.5220450893572016,10.0,False,False,False,False,True,False,False,False,False,False,False,False,False
Léon,1994,-0.4590873919351749,1.999975105197236,Luc Besson,Jean Reno,2.327390577177338,-0.5411502175758192,10.0,False,False,False,False,False,False,False,False,False,False,False,False,False
The Lion King,1994,-1.2425737485075,1.999975105197236,Roger Allers,Rob Minkoff,2.04258482106111,1.4651264867502753,10.0,False,True,False,False,False,False,False,False,False,False,False,False,False
Terminator 2: Judgment Day,1991,0.5024640456763151,1.999975105197236,James Cameron,Arnold Schwarzenegger,2.205969702945945,0.38090200555848786,10.0,False,False,False,False,False,False,False,False,False,False,False,False,False
Nuovo Cinema Paradiso,1988,1.1434983374173084,1.999975105197236,Giuseppe Tornatore,Philippe Noiret,-0.1312002850313593,-0.5785156272968944,10.0,False,False,False,False,False,True,False,False,False,False,False,False,False
Hotaru no haka,1988,-1.2069607322996672,1.999975105197236,Isao Takahata,Tsutomu Tatsumi,-0.11754540292549813,0.1117185978046956,10.0,False,True,False,False,False,False,False,False,False,False,False,False,False
Back to the Future,1985,-0.24540929468817713,1.999975105197236,Robert Zemeckis,Michael J. Fox,2.397208343898108,0.40958913417018916,10.0,True,False,False,False,False,False,False,False,False,False,False,False,False
Once Upon a Time in the West,1968,1.499628499495638,1.999975105197236,Sergio Leone,Henry Fonda,0.08909012613081164,-0.6116924782032594,10.0,False,False,False,False,False,False,False,False,False,False,False,False,True
Psycho,1960,-0.49470040814300786,1.999975105197236,Alfred Hitchcock,Anthony Perkins,1.010113146631498,-0.47897054796826344,10.0,False,False,False,False,False,False,False,False,False,True,False,False,False
Casablanca,1942,-0.7439915215978385,1.999975105197236,Michael Curtiz,Humphrey Bogart,0.7591481491451264,-0.6330692199126262,10.0,False,False,False,False,False,True,False,False,False,False,False,False,False
Modern Times,1936,-1.2781867647153329,1.999975105197236,Charles Chaplin,Charles Chaplin,-0.170569620592618,-0.6373541468620338,10.0,False,False,False,True,False,False,False,False,False,False,False,False,False
City Lights,1931,-1.2781867647153329,1.999975105197236,Charles Chaplin,Charles Chaplin,-0.3235055226386129,-0.6380708459977037,10.0,False,False,False,True,False,False,False,False,False,False,False,False,False
Capharnaüm,2018,0.11072086739015248,1.6368054837704655,Nadine Labaki,Zain Al Rafeea,-0.6450248192064328,-0.629902538430627,10.0,False,False,False,False,False,True,False,False,False,False,False,False,False
Ayla: The Daughter of War,2017,0.07510785118231952,1.6368054837704655,Can Ulkay,Erdem Can,-0.7321954105908283,2.7411511465984684,10.0,False,False,True,False,False,False,False,False,False,False,False,False,False
Vikram Vedha,2017,0.8585942077546447,1.6368054837704655,Gayatri,Pushkar,-0.7496490882333021,1.140842882898039,10.0,False,False,False,False,False,False,False,False,False,False,False,False,False
Kimi no na wa.,2016,-0.6015394567665068,1.6368054837704655,Makoto Shinkai,Ryûnosuke Kamiki,-0.24099250518647636,-0.6132061409671503,10.0,False,True,False,False,False,False,False,False,False,False,False,False,False
Dangal,2016,1.357176434664306,1.6368054837704655,Nitesh Tiwari,Aamir Khan,-0.3582233965693611,-0.5765189149670101,10.0,False,False,False,False,False,False,False,False,False,False,False,False,False
Spider-Man: Into the Spider-Verse,2018,-0.20979627848034416,1.6368054837704655,Bob Persichetti,Peter Ramsey,0.30994592520470693,0.3082588091526107,10.0,False,True,False,False,False,False,False,False,False,False,False,False,False
Avengers: Endgame,2019,2.0694367588209652,1.6368054837704655,Anthony Russo,Joe Russo,1.6388978520899362,3.632124623905934,10.0,False,False,False,False,False,False,False,False,False,False,False,False,False
Avengers: Infinity War,2018,0.9298202401703106,1.6368054837704655,Anthony Russo,Joe Russo,1.7138407838267151,2.73884998240202,10.0,False,False,False,False,False,False,False,False,False,False,False,False,False
Coco,2017,-0.6371524729743396,1.6368054837704655,Lee Unkrich,Adrian Molina,0.3376377082757025,0.40519261102040294,10.0,False,True,False,False,False,False,False,False,False,False,False,False,False
Django Unchained,2012,1.499628499495638,1.6368054837704655,Quentin Tarantino,Jamie Foxx,3.3128342019549826,0.1717689947954873,10.0,False,False,False,False,False,True,False,False,False,False,False,False,False
The Dark Knight Rises,2012,1.464015483287805,1.6368054837704655,Christopher Nolan,Christian Bale,3.797735324256764,1.5912658231704095,10.0,False,False,False,False,False,False,False,False,False,False,False,False,False
3 Idiots,2009,1.6776935805348028,1.6368054837704655,Rajkumar Hirani,Aamir Khan,0.21622905864780606,-0.6056659251924419,10.0,False,False,False,True,False,False,False,False,False,False,False,False,False
Taare Zameen Par,2007,1.499628499495638,1.6368054837704655,Aamir Khan,Amole Gupte,-0.3202782273154729,-0.6320776842893531,10.0,False,False,False,False,False,True,False,False,False,False,False,False,False
WALL·E,2008,-0.8864435864291704,1.6368054837704655,Andrew Stanton,Ben Burtt,2.2190622532909563,0.47524941922143693,10.0,False,True,False,False,False,False,False,False,False,False,False,False,False
The Lives of Others,2006,0.5024640456763151,1.6368054837704655,Florian Henckel von Donnersmarck,Ulrich Mühe,0.25974864709620876,-0.5820193708939191,10.0,False,False,False,False,False,True,False,False,False,False,False,False,False
Oldeuboi,2003,-0.7796045378056715,1.6368054837704655,Chan-wook Park,Choi Min-sik,0.7388491950387858,-0.6346466455376196,10.0,False,False,False,False,False,False,False,False,False,False,False,False,False
Memento,2000,-0.352248343311676,1.6368054837704655,Christopher Nolan,Guy Pearce,2.603898883670153,-0.5110839714587524,10.0,False,False,False,False,False,False,False,False,False,False,True,False,False
Mononoke-hime,1997,0.3956249970528162,1.6368054837704655,Hayao Miyazaki,Yôji Matsuda,0.21233552243409362,-0.6263494292355122,10.0,False,True,False,False,False,False,False,False,False,False,False,False,False
Once Upon a Time in America,1984,3.7788615367969474,1.6368054837704655,Sergio Leone,Robert De Niro,0.11513158772974699,-0.6116924782032594,10.0,False,False,False,False,True,False,False,False,False,False,False,False,False
Raiders of the Lost Ark,1981,-0.2810223108960101,1.6368054837704655,Steven Spielberg,Harrison Ford,1.8655328324669165,0.5963964027072385,10.0,False,False,False,False,False,False,False,False,False,False,False,False,False
The Shining,1980,0.8229811915468117,1.6368054837704655,Stanley Kubrick,Jack Nicholson,1.9087009635647878,-0.41918571928919657,10.0,False,False,False,False,False,True,False,False,False,False,False,False,False
Apocalypse Now,1979,0.8585942077546447,1.6368054837704655,Francis Ford Coppola,Martin Sheen,1.016796948593342,-0.2229066635466165,10.0,False,False,False,False,False,True,False,False,False,False,False,False,False
Alien,1979,-0.20979627848034416,1.6368054837704655,Ridley Scott,Sigourney Weaver,1.5712071663776,-0.24564931946624333,10.0,False,False,False,False,False,False,False,False,False,True,False,False,False
Anand,1971,-0.03173119744117936,1.6368054837704655,Hrishikesh Mukherjee,Rajesh Khanna,-0.7439279737968267,1.7124801663456337,10.0,False,False,False,False,False,True,False,False,False,False,False,False,False
Tengoku to jigoku,1963,0.7161421429233128,1.6368054837704655,Akira Kurosawa,Toshirô Mifune,-0.7314466536266527,2.448050009560131,10.0,False,False,False,False,True,False,False,False,False,False,False,False,False
Dr. Strangelove or: How I Learned to Stop Worrying and Love the Bomb,1964,-0.9932826350526693,1.6368054837704655,Stanley Kubrick,Peter Sellers,0.5402696796868292,-0.6367936933515999,10.0,False,False,False,True,False,False,False,False,False,False,False,False,False
Witness for the Prosecution,1957,-0.24540929468817713,1.6368054837704655,Billy Wilder,Tyrone Power,-0.5037481327454559,-0.5974967370740337,10.0,False,False,False,False,True,False,False,False,False,False,False,False,False
Paths of Glory,1957,-1.2425737485075,1.6368054837704655,Stanley Kubrick,Kirk Douglas,-0.2921708077255881,1.9403619059069983,10.0,False,False,False,False,False,True,False,False,False,False,False,False,False
Rear Window,1954,-0.38786135951950895,1.6368054837704655,Alfred Hitchcock,James Stewart,0.5207103140920414,-0.4552687278802433,10.0,False,False,False,False,False,False,False,False,False,False,True,False,False
Sunset Blvd.,1950,-0.4590873919351749,1.6368054837704655,Billy Wilder,William Holden,-0.2202290161472595,1.8793943226694785,10.0,False,False,False,False,False,True,False,False,False,False,False,False,False
The Great Dictator,1940,0.07510785118231952,1.6368054837704655,Charles Chaplin,Charles Chaplin,-0.2155897791202458,-0.6367311443578695,10.0,False,False,False,True,False,False,False,False,False,False,False,False,False
1917,2019,-0.13857024606467824,1.273635862343695,Sam Mendes,Dean-Charles Chapman,0.46499668365563823,0.15396996796985313,10.0,False,False,False,False,False,True,False,False,False,False,False,False,False
Tumbbad,2018,-0.6727654891821726,1.273635862343695,Rahi Anil Barve,Anand Gandhi,-0.751507227964807,3.1211873455381576,10.0,False,False,False,False,False,True,False,False,False,False,False,False,False
Andhadhun,2018,0.573690078091981,1.273635862343695,Sriram Raghavan,Ayushmann Khurrana,-0.6167859851289581,-0.6313310862073442,10.0,False,False,False,False,True,False,False,False,False,False,False,False,False
Drishyam,2013,1.321563418456473,1.273635862343695,Jeethu Joseph,Mohanlal,-0.7425557620543174,-0.5817543896164152,10.0,False,False,False,False,True,False,False,False,False,False,False,False,False
Jagten,2012,-0.2810223108960101,1.273635862343695,Thomas Vinterberg,Mads Mikkelsen,0.0242355484297194,-0.6347476154236256,10.0,False,False,False,False,False,True,False,False,False,False,False,False,False
Jodaeiye Nader az Simin,2011,0.0038818187666536026,1.273635862343695,Asghar Farhadi,Payman Maadi,-0.16408752458847037,-0.6028522204226959,10.0,False,False,False,False,False,True,False,False,False,False,False,False,False
Incendies,2010,0.28878594842931726,1.273635862343695,Denis Villeneuve,Lubna Azabal,-0.37795390661310324,-0.6040531332430684,10.0,False,False,False,False,False,True,False,False,False,False,False,False,False
Miracle in cell NO.7,2019,0.32439896463715023,1.273635862343695,Mehmet Ada Öztekin,Aras Bulut Iynemli,-0.7327363492955591,3.5744714557794457,10.0,False,False,False,False,False,True,False,False,False,False,False,False,False
Babam ve Oglum,2005,-0.38786135951950895,1.273635862343695,Çagan Irmak,Çetin Tekindor,-0.5952401214659497,1.6595024024228195,10.0,False,False,False,False,False,True,False,False,False,False,False,False,False
Inglourious Basterds,2009,1.0722723050016425,1.273635862343695,Quentin Tarantino,Brad Pitt,3.038352123491753,-0.03849231066480602,10.0,True,False,False,False,False,False,False,False,False,False,False,False,False
Eternal Sunshine of the Spotless Mind,2004,-0.5303134243508408,1.273635862343695,Michel Gondry,Jim Carrey,1.9497359013524775,-0.4670293714630475,10.0,False,False,False,False,False,True,False,False,False,False,False,False,False
Amélie,2001,-0.03173119744117936,1.273635862343695,Jean-Pierre Jeunet,Audrey Tautou,1.3145027175495079,-0.47287385431777307,10.0,False,False,False,True,False,False,False,False,False,False,False,False,False
Snatch,2000,-0.6727654891821726,1.273635862343695,Guy Ritchie,Jason Statham,1.5534662105529526,-0.4872877483082151,10.0,False,False,False,True,False,False,False,False,False,False,False,False,False
Requiem for a Dream,2000,-0.7439915215978385,1.273635862343695,Darren Aronofsky,Ellen Burstyn,1.5072235916756507,-0.620080232096785,10.0,False,False,False,False,False,True,False,False,False,False,False,False,False
American Beauty,1999,-0.03173119744117936,1.273635862343695,Sam Mendes,Kevin Spacey,2.4328338946384895,0.009046924466544533,10.0,False,False,False,False,False,True,False,False,False,False,False,False,False
Good Will Hunting,1997,0.11072086739015248,1.273635862343695,Gus Van Sant,Robin Williams,1.7967511008924957,0.050521558809772896,10.0,False,False,False,False,False,True,False,False,False,False,False,False,False
Bacheha-Ye aseman,1997,-1.2069607322996672,1.273635862343695,Majid Majidi,Mohammad Amir Naji,-0.6367548749408867,-0.6335200771189258,10.0,False,False,False,False,False,True,False,False,False,False,False,False,False
Toy Story,1995,-1.4918648619623307,1.273635862343695,John Lasseter,Tom Hanks,1.87567008491659,0.31599434315231323,10.0,False,True,False,False,False,False,False,False,False,False,False,False,False
Braveheart,1995,1.9625977101974665,1.273635862343695,Mel Gibson,Mel Gibson,2.094955022441154,-0.2620663781881339,10.0,False,False,True,False,False,False,False,False,False,False,False,False,False
Reservoir Dogs,1992,-0.8508305702213375,1.273635862343695,Quentin Tarantino,Harvey Keitel,1.9708172300826097,-0.6240773033335363,10.0,False,False,False,False,True,False,False,False,False,False,False,False,False
Full Metal Jacket,1987,-0.24540929468817713,1.273635862343695,Stanley Kubrick,Matthew Modine,1.2269012088918523,-0.40754302978587603,10.0,False,False,False,False,False,True,False,False,False,False,False,False,False
Idi i smotri,1985,0.6805291267154798,1.273635862343695,Elem Klimov,Aleksey Kravchenko,-0.6559627831851431,2.9856446014495024,10.0,False,False,False,False,False,True,False,False,False,False,False,False,False
Aliens,1986,0.5024640456763151,1.273635862343695,James Cameron,Sigourney Weaver,1.1583609132364923,-0.21450542279060764,10.0,False,False,False,False,False,False,False,False,False,False,False,False,False
Amadeus,1984,1.321563418456473,1.273635862343695,Milos Forman,F. Murray Abraham,0.2912942364195523,-0.3796073994994687,10.0,False,False,True,False,False,False,False,False,False,False,False,False,False
Scarface,1983,1.6776935805348028,1.273635862343695,Brian De Palma,Al Pacino,1.427888971132667,-0.41131743098282936,10.0,False,False,False,False,True,False,False,False,False,False,False,False,False
Star Wars: Episode VI - Return of the Jedi,1983,0.28878594842931726,1.273635862343695,Richard Marquand,Mark Hamill,2.0683328921761235,0.8996913044198981,10.0,False,False,False,False,False,False,False,False,False,False,False,False,False
Das Boot,1981,0.9298202401703106,1.273635862343695,Wolfgang Petersen,Jürgen Prochnow,-0.12786296827674865,-0.5810166169471861,10.0,True,False,False,False,False,False,False,False,False,False,False,False,False
Taxi Driver,1976,-0.31663532710384307,1.273635862343695,Martin Scorsese,Robert De Niro,1.3781501156552967,-0.49756374254726965,10.0,False,False,False,False,True,False,False,False,False,False,False,False,False
The Sting,1973,0.21755991601365138,1.273635862343695,George Roy Hill,Paul Newman,-0.0983466631338643,0.1558223892781708,10.0,False,False,False,True,False,False,False,False,False,False,False,False,False
A Clockwork Orange,1971,0.4668510294684821,1.273635862343695,Stanley Kubrick,Malcolm McDowell,1.4798221429377028,-0.6072836671337632,10.0,False,False,False,False,True,False,False,False,False,False,False,False,False
2001: A Space Odyssey,1968,0.9298202401703106,1.273635862343695,Stanley Kubrick,Keir Dullea,1.007992177924813,-0.35482279976574566,10.0,True,False,False,False,False,False,False,False,False,False,False,False,False
Per qualche dollaro in più,1965,0.32439896463715023,1.273635862343695,Sergio Leone,Clint Eastwood,-0.12506047792512048,-0.5635432747173965,10.0,False,False,False,False,False,False,False,False,False,False,False,False,True
Lawrence of Arabia,1962,3.7432485205891144,1.273635862343695,David Lean,Peter O'Toole,-0.01713862210500501,-0.4151721464209967,10.0,True,False,False,False,False,False,False,False,False,False,False,False,False
The Apartment,1960,0.07510785118231952,1.273635862343695,Billy Wilder,Jack Lemmon,-0.334128703077282,-0.5456337561116977,10.0,False,False,False,True,False,False,False,False,False,False,False,False,False
North by Northwest,1959,0.4668510294684821,1.273635862343695,Alfred Hitchcock,Cary Grant,0.07794740004353101,-0.5721249190492939,10.0,True,False,False,False,False,False,False,False,False,False,False,False,False
Vertigo,1958,0.1819468998058184,1.273635862343695,Alfred Hitchcock,James Stewart,0.2771167525142054,-0.6222466968138536,10.0,False,False,False,False,False,False,False,False,False,False,True,False,False
Singin' in the Rain,1952,-0.7083785053900056,1.273635862343695,Stanley Donen,Gene Kelly,-0.1672812022519943,-0.5942927838938696,10.0,False,False,False,True,False,False,False,False,False,False,False,False,False
Ikiru,1952,0.7161421429233128,1.273635862343695,Akira Kurosawa,Takashi Shimura,-0.6272135719116793,-0.6378914572945362,10.0,False,False,False,False,False,True,False,False,False,False,False,False,False
Ladri di biciclette,1948,-1.2069607322996672,1.273635862343695,Vittorio De Sica,Lamberto Maggiorani,-0.3889438251566746,-0.6365099866774205,10.0,False,False,False,False,False,True,False,False,False,False,False,False,False
Double Indemnity,1944,-0.5659264405586738,1.273635862343695,Billy Wilder,Fred MacMurray,-0.3978127749935611,-0.6097100337898644,10.0,False,False,False,False,True,False,False,False,False,False,False,False,False
Citizen Kane,1941,-0.13857024606467824,1.273635862343695,Orson Welles,Orson Welles,0.39625468204258196,-0.6302779517898002,10.0,False,False,False,False,False,True,False,False,False,False,False,False,False
M - Eine Stadt sucht einen Mörder,1931,-0.20979627848034416,1.273635862343695,Fritz Lang,Peter Lorre,-0.398090884723112,-0.638022609694259,10.0,False,False,False,False,True,False,False,False,False,False,False,False,False
Metropolis,1927,1.0722723050016425,1.273635862343695,Fritz Lang,Brigitte Helm,-0.3474871385483471,-0.6320165083587158,10.0,False,False,False,False,False,True,False,False,False,False,False,False,False
The Kid,1921,-1.9548340726641593,1.273635862343695,Charles Chaplin,Charles Chaplin,-0.4901421490535818,-0.6110532476852919,10.0,False,False,False,True,False,False,False,False,False,False,False,False,False
Chhichhore,2019,0.7161421429233128,0.9104662409169177,Nitesh Tiwari,Sushant Singh Rajput,-0.7328647076322748,-0.6336959784408315,10.0,False,False,False,True,False,False,False,False,False,False,False,False,False
Uri: The Surgical Strike,2018,0.5380770618841481,0.9104662409169177,Aditya Dhar,Vicky Kaushal,-0.7036754106329284,-0.617340642884869,10.0,False,False,False,False,False,False,False,False,False,False,False,False,False
K.G.F: Chapter 1,2018,1.1791113536251414,0.9104662409169177,Prashanth Neel,Yash,-0.7243472151459197,3.4008073760134323,10.0,False,False,False,False,False,False,False,False,False,False,False,False,False
Green Book,2018,0.25317293222148435,0.9104662409169177,Peter Farrelly,Viggo Mortensen,0.31842368772969776,-0.21490379515766,10.0,False,False,True,False,False,False,False,False,False,False,False,False,False
"Three Billboards Outside Ebbing, Missouri",2017,-0.2810223108960101,0.9104662409169177,Martin McDonagh,Frances McDormand,0.4856746004703779,-0.3669677020199677,10.0,False,False,False,True,False,False,False,False,False,False,False,False,False
Talvar,2015,0.32439896463715023,0.9104662409169177,Meghna Gulzar,Irrfan Khan,-0.7412721786871594,-0.6364630239397433,10.0,False,False,False,False,True,False,False,False,False,False,False,False,False
Baahubali 2: The Conclusion,2017,1.5708545319113039,0.9104662409169177,S.S. Rajamouli,Prabhas,-0.6061719731429116,-0.5377403397557534,10.0,False,False,False,False,False,False,False,False,False,False,False,False,False
Klaus,2019,-0.9576696188448364,0.9104662409169177,Sergio Pablos,Carlos Martínez López,-0.516281407480491,0.10107909008660815,10.0,False,True,False,False,False,False,False,False,False,False,False,False,False
Drishyam,2015,1.428402467079972,0.9104662409169177,Nishikant Kamat,Ajay Devgn,-0.6213946606472299,-0.6344874647412789,10.0,False,False,False,False,True,False,False,False,False,False,False,False,False
Queen,2013,0.8229811915468117,0.9104662409169177,Vikas Bahl,Kangana Ranaut,-0.6509354149971078,-0.6310545284160084,10.0,True,False,False,False,False,False,False,False,False,False,False,False,False
Mandariinid,2013,-1.2781867647153329,0.9104662409169177,Zaza Urushadze,Lembit Ulfsak,-0.7130333446096846,-0.6374473957555742,10.0,False,False,False,False,False,True,False,False,False,False,False,False,False
Bhaag Milkha Bhaag,2013,2.24750183986013,0.9104662409169177,Rakeysh Omprakash Mehra,Farhan Akhtar,-0.6496029332159629,-0.6300756986012127,10.0,False,False,True,False,False,False,False,False,False,False,False,False,False
Gangs of Wasseypur,2012,7.055259027917579,0.9104662409169177,Anurag Kashyap,Manoj Bajpayee,-0.5847269624587513,-0.6120097105012955,10.0,False,False,False,False,False,False,False,False,False,False,False,False,False
Udaan,2010,0.3956249970528162,0.9104662409169177,Vikramaditya Motwane,Rajat Barmecha,-0.707046345047155,-0.6381291514304978,10.0,False,False,False,False,False,True,False,False,False,False,False,False,False
Paan Singh Tomar,2012,0.43123801326064914,0.9104662409169177,Tigmanshu Dhulia,Irrfan Khan,-0.7348695426057407,-0.6379694283737326,10.0,False,False,False,False,False,False,False,False,False,False,False,False,False
El secreto de sus ojos,2009,0.21755991601365138,0.9104662409169177,Juan José Campanella,Ricardo Darín,-0.24594652575353118,-0.6063697294747156,10.0,False,False,False,False,False,True,False,False,False,False,False,False,False
Warrior,2011,0.6093030942998139,0.9104662409169177,Gavin O'Connor,Tom Hardy,0.49588214439015776,-0.5702239480209559,10.0,False,False,False,False,False,False,False,False,False,False,False,False,False
Shutter Island,2010,0.5380770618841481,0.9104662409169177,Martin Scorsese,Leonardo DiCaprio,2.6166797066259972,-0.0013190402291722834,10.0,False,False,False,False,False,False,False,False,False,False,True,False,False
Up,2009,-0.9576696188448364,0.9104662409169177,Pete Docter,Bob Peterson,2.0226037066456843,0.8194902662880846,10.0,False,True,False,False,False,False,False,False,False,False,False,False,False
The Wolf of Wall Street,2013,2.0338237426131323,0.9104662409169177,Martin Scorsese,Leonardo DiCaprio,2.7927262215825834,-0.0566009482933362,10.0,False,False,True,False,False,False,False,False,False,False,False,False,False
Chak De! India,2007,1.0722723050016425,0.9104662409169177,Shimit Amin,Shah Rukh Khan,-0.6098974210585438,-0.6326265513362224,10.0,False,False,False,False,False,True,False,False,False,False,False,False,False
There Will Be Blood,2007,1.2503373860408071,0.9104662409169177,Paul Thomas Anderson,Daniel Day-Lewis,0.7446803309067318,-0.4380646403380916,10.0,False,False,False,False,False,True,False,False,False,False,False,False,False
Pan's Labyrinth,2006,-0.1741832622725112,0.9104662409169177,Guillermo del Toro,Ivana Baquero,1.0541583930302607,-0.45093909180758307,10.0,False,False,False,False,False,True,False,False,False,False,False,False,False
Toy Story 3,2010,-0.7083785053900056,0.9104662409169177,Lee Unkrich,Tom Hanks,1.4771571793754128,1.4264275143743546,10.0,False,True,False,False,False,False,False,False,False,False,False,False,False
V for Vendetta,2005,0.32439896463715023,0.9104662409169177,James McTeigue,Hugo Weaving,2.319789929953239,-0.28738329856348105,10.0,False,False,False,False,False,False,False,False,False,False,False,False,False
Rang De Basanti,2006,1.5708545319113039,0.9104662409169177,Rakeysh Omprakash Mehra,Aamir Khan,-0.4943504688073353,-0.627234841011314,10.0,False,False,False,True,False,False,False,False,False,False,False,False,False
Black,2005,-0.03173119744117936,0.9104662409169177,Sanjay Leela Bhansali,Amitabh Bachchan,-0.7345119729534609,-0.6345192242876063,10.0,False,False,False,False,False,True,False,False,False,False,False,False,False
Batman Begins,2005,0.6093030942998139,0.9104662409169177,Christopher Nolan,Christian Bale,3.1619214717876987,0.39089691985275854,10.0,False,False,False,False,False,False,False,False,False,False,False,False,False
"Swades: We, the People",2004,3.1022142288481214,0.9104662409169177,Ashutosh Gowariker,Shah Rukh Khan,-0.5827710258992725,-0.6320808134802428,10.0,False,False,False,False,False,True,False,False,False,False,False,False,False
Der Untergang,2004,1.1791113536251414,0.9104662409169177,Oliver Hirschbiegel,Bruno Ganz,0.17608040461363006,-0.6107595315801584,10.0,False,False,True,False,False,False,False,False,False,False,False,False,False
Hauru no ugoku shiro,2004,-0.13857024606467824,0.9104662409169177,Hayao Miyazaki,Chieko Baishô,0.18404778994263188,-0.6147291962785767,10.0,False,True,False,False,False,False,False,False,False,False,False,False,False
A Beautiful Mind,2001,0.43123801326064914,0.9104662409169177,Ron Howard,Russell Crowe,1.7579807709025774,0.21125404579220974,10.0,False,False,True,False,False,False,False,False,False,False,False,False,False
Hera Pheri,2000,1.1791113536251414,0.9104662409169177,Priyadarshan,Akshay Kumar,-0.66207202878264,0.24687818764224706,10.0,False,False,False,False,False,False,False,False,False,False,False,False,False
"Lock, Stock and Two Smoking Barrels",1998,-0.5659264405586738,0.9104662409169177,Guy Ritchie,Jason Flemyng,0.7992540170670638,-0.6187763843182262,10.0,False,False,False,False,False,False,False,False,False,False,False,False,False
L.A. Confidential,1997,0.5380770618841481,0.9104662409169177,Curtis Hanson,Kevin Spacey,0.7893245828768348,-0.31670563302633,10.0,False,False,False,False,True,False,False,False,False,False,False,False,False
Eskiya,1996,0.1819468998058184,0.9104662409169177,Yavuz Turgul,Sener Sen,-0.6404925474600156,3.165021743027739,10.0,False,False,False,False,True,False,False,False,False,False,False,False,False
Heat,1995,1.6776935805348028,0.9104662409169177,Michael Mann,Al Pacino,0.9272975702428171,-0.30267711705221867,10.0,False,False,False,False,True,False,False,False,False,False,False,False,False
Casino,1995,1.9625977101974665,0.9104662409169177,Martin Scorsese,Robert De Niro,0.5885629758007097,-0.4270414012844119,10.0,False,False,False,False,True,False,False,False,False,False,False,False,False
Andaz Apna Apna,1994,1.321563418456473,0.9104662409169177,Rajkumar Santoshi,Aamir Khan,-0.6857785911136977,0.4232306254472313,10.0,False,False,False,False,False,False,False,False,False,False,False,False,False
Unforgiven,1992,0.25317293222148435,0.9104662409169177,Clint Eastwood,Clint Eastwood,0.31246724967591005,-0.1349214969212838,10.0,False,False,False,False,False,True,False,False,False,False,False,False,False
Indiana Jones and the Last Crusade,1989,0.14633388359798544,0.9104662409169177,Steven Spielberg,Harrison Ford,1.279528126945328,0.34273710000225543,10.0,False,False,False,False,False,False,False,False,False,False,False,False,False
Dom za vesanje,1988,0.6805291267154798,0.9104662409169177,Emir Kusturica,Davor Dujmovic,-0.755758333830799,-0.6367732317265928,10.0,False,False,False,True,False,False,False,False,False,False,False,False,False
Tonari no Totoro,1988,-1.3137997809231658,0.9104662409169177,Hayao Miyazaki,Hitoshi Takagi,0.05344318233431101,-0.6326662358445329,10.0,False,True,False,False,False,False,False,False,False,False,False,False,False
Die Hard,1988,0.32439896463715023,0.9104662409169177,John McTiernan,Bruce Willis,1.5875820227614863,-0.22520833020455927,10.0,False,False,False,False,False,False,False,False,False,False,False,False,False
Ran,1985,1.392789450872139,0.9104662409169177,Akira Kurosawa,Tatsuya Nakadai,-0.49261457511079787,-0.6175914656929418,10.0,False,False,False,False,False,False,False,False,False,False,False,False,False
Raging Bull,1980,0.21755991601365138,0.9104662409169177,Martin Scorsese,Robert De Niro,0.14720589115432467,-0.5218340605044974,10.0,False,False,True,False,False,False,False,False,False,False,False,False,False
Stalker,1979,1.392789450872139,0.9104662409169177,Andrei Tarkovsky,Alisa Freyndlikh,-0.4790452652294139,-0.6369985533701177,10.0,False,False,False,False,False,True,False,False,False,False,False,False,False
Höstsonaten,1978,-0.8508305702213375,0.9104662409169177,Ingmar Bergman,Ingrid Bergman,-0.7543127744673093,0.515750412535399,10.0,False,False,False,False,False,True,False,False,False,False,False,False,False
The Message,1976,1.9269846939896336,0.9104662409169177,Moustapha Akkad,Anthony Quinn,-0.7023276480974125,0.4385310804075856,10.0,False,False,True,False,False,False,False,False,False,False,False,False,False
Sholay,1975,2.8885361316011235,0.9104662409169177,Ramesh Sippy,Sanjeev Kumar,-0.6797151877793134,3.9987547571655195,10.0,False,False,False,False,False,False,False,False,False,False,False,False,False
Monty Python and the Holy Grail,1975,-1.1357346998840012,0.9104662409169177,Terry Gilliam,Terry Jones,0.6943027398966567,-0.6320511782018167,10.0,True,False,False,False,False,False,False,False,False,False,False,False,False
The Great Escape,1963,1.7489196129504687,0.9104662409169177,John Sturges,Steve McQueen,-0.14963804325532093,-0.5779703869275428,10.0,True,False,False,False,False,False,False,False,False,False,False,False,False
To Kill a Mockingbird,1962,0.21755991601365138,0.9104662409169177,Robert Mulligan,Gregory Peck,0.061483915284293277,1.8708621832319272,10.0,False,False,False,False,True,False,False,False,False,False,False,False,False
Yôjinbô,1961,-0.4590873919351749,0.9104662409169177,Akira Kurosawa,Toshirô Mifune,-0.4964683813631459,1.7224990694451034,10.0,False,False,False,False,False,False,False,False,False,False,False,False,False
Judgment at Nuremberg,1961,1.9982107264052993,0.9104662409169177,Stanley Kramer,Spencer Tracy,-0.6241727017918647,3.677977473891041,10.0,False,False,False,False,False,True,False,False,False,False,False,False,False
Some Like It Hot,1959,-0.06734421364901232,0.9104662409169177,Billy Wilder,Marilyn Monroe,-0.09092021650959334,-0.5137946119237888,10.0,False,False,False,True,False,False,False,False,False,False,False,False,False
Smultronstället,1957,-1.1357346998840012,0.9104662409169177,Ingmar Bergman,Victor Sjöström,-0.5418919518061662,0.07950424422713101,10.0,False,False,False,False,False,True,False,False,False,False,False,False,False
Det sjunde inseglet,1957,-0.9576696188448364,0.9104662409169177,Ingmar Bergman,Max von Sydow,-0.33236836017375104,3.370292750173473,10.0,False,False,False,False,False,True,False,False,False,False,False,False,False
Du rififi chez les hommes,1955,-0.1741832622725112,0.9104662409169177,Jules Dassin,Jean Servais,-0.7483991225257602,-0.6378815772101054,10.0,False,False,False,False,True,False,False,False,False,False,False,False,False
Dial M for Murder,1954,-0.6371524729743396,0.9104662409169177,Alfred Hitchcock,Ray Milland,-0.3525511805468727,-0.6381037746376067,10.0,False,False,False,False,True,False,False,False,False,False,False,False,False
Tôkyô monogatari,1953,0.4668510294684821,0.9104662409169177,Yasujirô Ozu,Chishû Ryû,-0.6740032417954606,0.004176520429317781,10.0,False,False,False,False,False,True,False,False,False,False,False,False,False
Rashômon,1950,-1.2425737485075,0.9104662409169177,Akira Kurosawa,Toshirô Mifune,-0.37016377803480416,-0.6376858560209427,10.0,False,False,False,False,True,False,False,False,False,False,False,False,False
All About Eve,1950,0.5380770618841481,0.9104662409169177,Joseph L. Mankiewicz,Bette Davis,-0.46806145898759094,-0.638115639693683,10.0,False,False,False,False,False,True,False,False,False,False,False,False,False
The Treasure of the Sierra Madre,1948,0.11072086739015248,0.9104662409169177,John Huston,Humphrey Bogart,-0.48711655968813805,-0.6132222893830932,10.0,True,False,False,False,False,False,False,False,False,False,False,False,False
To Be or Not to Be,1942,-0.8508305702213375,0.9104662409169177,Ernst Lubitsch,Carole Lombard,-0.7450220758097851,-0.578891458544835,10.0,False,False,False,True,False,False,False,False,False,False,False,False,False
The Gold Rush,1925,-0.9932826350526693,0.9104662409169177,Charles Chaplin,Charles Chaplin,-0.5276136149219711,-0.6110532476852919,10.0,True,False,False,False,False,False,False,False,False,False,False,False,False
Sherlock Jr.,1924,-2.7739334454443174,0.9104662409169177,Buster Keaton,Buster Keaton,-0.7081343347583652,-0.6333039589780178,10.0,False,False,False,False,False,False,False,False,False,False,False,False,False
Portrait de la jeune fille en feu,2019,-0.03173119744117936,0.5472966194901472,Céline Sciamma,Noémie Merlant,-0.6434997999202142,-0.6194614980278884,10.0,False,False,False,False,False,True,False,False,False,False,False,False,False
Pink,2016,0.4668510294684821,0.5472966194901472,Aniruddha Roy Chowdhury,Taapsee Pannu,-0.716596816528985,-0.631991350459941,10.0,False,False,False,False,False,True,False,False,False,False,False,False,False
Koe no katachi,2016,0.25317293222148435,0.5472966194901472,Naoko Yamada,Miyu Irino,-0.6906439833054011,-0.4538986099079771,10.0,False,True,False,False,False,False,False,False,False,False,False,False,False
Contratiempo,2016,-0.6015394567665068,0.5472966194901472,Oriol Paulo,Mario Casas,-0.40395258209979995,-0.4901309689595965,10.0,False,False,False,False,True,False,False,False,False,False,False,False,False
Ah-ga-ssi,2016,0.7873681753389787,0.5472966194901472,Chan-wook Park,Kim Min-hee,-0.48911833851072956,-0.6281827669567822,10.0,False,False,False,False,False,True,False,False,False,False,False,False,False
Mommy,2014,0.573690078091981,0.5472966194901472,Xavier Dolan,Anne Dorval,-0.6814999798898378,-0.6207902848111057,10.0,False,False,False,False,False,True,False,False,False,False,False,False,False
Haider,2014,1.321563418456473,0.5472966194901472,Vishal Bhardwaj,Shahid Kapoor,-0.6822792983627551,-0.6336808797216736,10.0,False,False,False,False,False,False,False,False,False,False,False,False,False
Logan,2017,0.5024640456763151,0.5472966194901472,James Mangold,Hugh Jackman,1.143584423759805,0.4875318864780158,10.0,False,False,False,False,False,False,False,False,False,False,False,False,False
Room,2015,-0.1741832622725112,0.5472966194901472,Lenny Abrahamson,Brie Larson,0.299029354282116,-0.5651468034657577,10.0,False,False,False,False,False,True,False,False,False,False,False,False,False
Relatos salvajes,2014,-0.03173119744117936,0.5472966194901472,Damián Szifron,Darío Grandinetti,-0.2953278115786218,-0.6227090011874621,10.0,False,False,False,True,False,False,False,False,False,False,False,False,False
Soul,2020,-0.8152175540135045,0.5472966194901472,Pete Docter,Kemp Powers,-0.3499962384160535,0.9628758174180243,10.0,False,True,False,False,False,False,False,False,False,False,False,False,False
Kis Uykusu,2014,2.60363200193846,0.5472966194901472,Nuri Bilge Ceylan,Haluk Bilginer,-0.6941921744703305,-0.6373428290412483,10.0,False,False,False,False,False,True,False,False,False,False,False,False,False
PK,2014,1.0722723050016425,0.5472966194901472,Rajkumar Hirani,Aamir Khan,-0.3381078115154716,-0.585352571100021,10.0,False,False,False,True,False,False,False,False,False,False,False,False,False
OMG: Oh My God!,2012,0.07510785118231952,0.5472966194901472,Umesh Shukla,Paresh Rawal,-0.6783246391315589,-0.6335733678865103,10.0,False,False,False,True,False,False,False,False,False,False,False,False,False
The Grand Budapest Hotel,2014,-0.8508305702213375,0.5472966194901472,Wes Anderson,Ralph Fiennes,1.3261772138888968,-0.34415008979010975,10.0,True,False,False,False,False,False,False,False,False,False,False,False,False
Gone Girl,2014,0.9298202401703106,0.5472966194901472,David Fincher,Ben Affleck,1.790910796571927,0.196453062431437,10.0,False,False,False,False,False,True,False,False,False,False,False,False,False
Ôkami kodomo no Ame to Yuki,2012,-0.20979627848034416,0.5472966194901472,Mamoru Hosoda,Aoi Miyazaki,-0.7178590068400237,0.4781953310625569,10.0,False,True,False,False,False,False,False,False,False,False,False,False,False
Hacksaw Ridge,2016,0.573690078091981,0.5472966194901472,Mel Gibson,Andrew Garfield,0.4958149090709257,-0.3038074215954883,10.0,False,False,True,False,False,False,False,False,False,False,False,False,False
Inside Out,2015,-0.9932826350526693,0.5472966194901472,Pete Docter,Ronnie Del Carmen,1.0468389116865862,1.1351830770293359,10.0,False,True,False,False,False,False,False,False,False,False,False,False,False
Barfi!,2012,1.0010462725859766,0.5472966194901472,Anurag Basu,Ranbir Kapoor,-0.6050320288668404,-0.6242123958273523,10.0,False,False,False,True,False,False,False,False,False,False,False,False,False
12 Years a Slave,2013,0.3956249970528162,0.5472966194901472,Steve McQueen,Chiwetel Ejiofor,1.1211186586836668,-0.3562306819479385,10.0,False,False,True,False,False,False,False,False,False,False,False,False,False
Rush,2013,0.0038818187666536026,0.5472966194901472,Ron Howard,Daniel Brühl,0.4862888867960892,-0.5041054429613151,10.0,False,False,False,False,False,False,False,False,False,False,False,False,False
Ford v Ferrari,2019,1.0366592887938095,0.5472966194901472,James Mangold,Matt Damon,0.05377630277959724,-0.05300245836802106,10.0,False,False,False,False,False,False,False,False,False,False,False,False,False
Spotlight,2015,0.21755991601365138,0.5472966194901472,Tom McCarthy,Mark Ruffalo,0.44810228162314036,-0.4140198081949758,10.0,False,False,True,False,False,False,False,False,False,False,False,False,False
Song of the Sea,2014,-1.0645086674683353,0.5472966194901472,Tomm Moore,David Rawle,-0.6785080081840101,-0.6339002016764655,10.0,False,True,False,False,False,False,False,False,False,False,False,False,False
Kahaani,2012,-0.03173119744117936,0.5472966194901472,Sujoy Ghosh,Vidya Balan,-0.659782971777875,-0.6330125412611054,10.0,False,False,False,False,False,False,False,False,False,False,True,False,False
Zindagi Na Milegi Dobara,2011,1.1434983374173084,0.5472966194901472,Zoya Akhtar,Hrithik Roshan,-0.6288516687802428,-0.6227019717014093,10.0,False,False,False,True,False,False,False,False,False,False,False,False,False
Prisoners,2013,1.0722723050016425,0.5472966194901472,Denis Villeneuve,Hugh Jackman,1.0007552126547417,-0.334687973724626,10.0,False,False,False,False,True,False,False,False,False,False,False,False,False
Mad Max: Fury Road,2015,-0.10295722985684527,0.5472966194901472,George Miller,Tom Hardy,1.860043985496879,0.1282533718124884,10.0,False,False,False,False,False,False,False,False,False,False,False,False,False
A Wednesday,2008,-0.6727654891821726,0.5472966194901472,Neeraj Pandey,Anupam Kher,-0.6106247849666,2.214072511623137,10.0,False,False,False,False,False,False,False,False,False,False,False,False,False
Gran Torino,2008,-0.24540929468817713,0.5472966194901472,Clint Eastwood,Clint Eastwood,1.365357068095956,0.0985880551437415,10.0,False,False,False,False,False,True,False,False,False,False,False,False,False
Harry Potter and the Deathly Hallows: Part 2,2011,0.25317293222148435,0.5472966194901472,David Yates,Daniel Radcliffe,1.4999591210477115,1.2573135965534332,10.0,True,False,False,False,False,False,False,False,False,False,False,False,False
Okuribito,2008,0.25317293222148435,0.5472966194901472,Yôjirô Takita,Masahiro Motoki,-0.6879729074413629,-0.6307128744994069,10.0,False,False,False,False,False,True,False,False,False,False,False,False,False
Hachi: A Dog's Tale,2009,-1.0645086674683353,0.5472966194901472,Lasse Hallström,Richard Gere,-0.06148337128943781,-0.18500349068020752,10.0,False,False,True,False,False,False,False,False,False,False,False,False,False
Mary and Max,2009,-1.1001216836761682,0.5472966194901472,Adam Elliot,Toni Collette,-0.3338261441407376,3.709066443068086,10.0,False,True,False,False,False,False,False,False,False,False,False,False,False
How to Train Your Dragon,2010,-0.8864435864291704,0.5472966194901472,Dean DeBlois,Chris Sanders,1.2013120576222964,0.44427126021589813,10.0,False,True,False,False,False,False,False,False,False,False,False,False,False
Into the Wild,2007,0.8942072239624776,0.5472966194901472,Sean Penn,Emile Hirsch,0.9144861857782312,-0.5468558021640251,10.0,True,False,False,False,False,False,False,False,False,False,False,False,False
No Country for Old Men,2007,-0.03173119744117936,0.5472966194901472,Ethan Coen,Joel Coen,1.7824177532925654,-0.2686151677866274,10.0,False,False,False,False,True,False,False,False,False,False,False,False,False
Lage Raho Munna Bhai,2006,0.7517551591311458,0.5472966194901472,Rajkumar Hirani,Sanjay Dutt,-0.7046136489513034,-0.6271341994664825,10.0,False,False,False,True,False,False,False,False,False,False,False,False,False
Million Dollar Baby,2004,0.32439896463715023,0.5472966194901472,Clint Eastwood,Hilary Swank,1.1071887229991288,-0.13823099686443088,10.0,False,False,False,False,False,True,False,False,False,False,False,False,False
Hotel Rwanda,2004,-0.06734421364901232,0.5472966194901472,Terry George,Don Cheadle,0.18528553104667703,-0.521103227773728,10.0,False,False,True,False,False,False,False,False,False,False,False,False,False
Taegukgi hwinalrimyeo,2004,0.6093030942998139,0.5472966194901472,Je-kyu Kang,Jang Dong-Gun,-0.720863203149348,-0.6326388890045952,10.0,False,False,False,False,False,False,False,False,False,False,False,False,False
Before Sunset,2004,-1.5274778781701637,0.5472966194901472,Richard Linklater,Ethan Hawke,-0.1142447599813777,-0.6092093184737131,10.0,False,False,False,False,False,True,False,False,False,False,False,False,False
Munna Bhai M.B.B.S.,2003,1.1791113536251414,0.5472966194901472,Rajkumar Hirani,Sanjay Dutt,-0.6103161137283072,-0.42001230327124495,10.0,False,False,False,True,False,False,False,False,False,False,False,False,False
Salinui chueok,2003,0.28878594842931726,0.5472966194901472,Bong Joon Ho,Kang-ho Song,-0.4099365255114553,-0.6380959690724144,10.0,False,False,False,False,True,False,False,False,False,False,False,False,False
Dil Chahta Hai,2001,2.140662791236631,0.5472966194901472,Farhan Akhtar,Aamir Khan,-0.6322867823628273,-0.6366738090239998,10.0,False,False,False,True,False,False,False,False,False,False,False,False,False
Kill Bill: Vol. 1,2003,-0.4234743757273419,0.5472966194901472,Quentin Tarantino,Uma Thurman,2.2216569253831397,-0.2894328937219149,10.0,False,False,False,False,False,False,False,False,False,False,False,False,False
Finding Nemo,2003,-0.8152175540135045,0.5472966194901472,Andrew Stanton,Lee Unkrich,2.0655670756349855,1.2564780279628844,10.0,False,True,False,False,False,False,False,False,False,False,False,False,False
Catch Me If You Can,2002,0.6449161105076469,0.5472966194901472,Steven Spielberg,Leonardo DiCaprio,1.7088562017509183,0.18077308984722912,10.0,False,False,True,False,False,False,False,False,False,False,False,False,False
Amores perros,2000,1.1078853212094755,0.5472966194901472,Alejandro G. Iñárritu,Emilio Echevarría,-0.15266057646989048,-0.6113824146875321,10.0,False,False,False,False,False,True,False,False,False,False,False,False,False
"Monsters, Inc.",2001,-1.1001216836761682,0.5472966194901472,Pete Docter,David Silverman,1.6558594894416663,0.8041283369051163,10.0,False,True,False,False,False,False,False,False,False,False,False,False,False
"Shin seiki Evangelion Gekijô-ban: Air/Magokoro wo, kimi ni",1997,-1.2781867647153329,0.5472966194901472,Hideaki Anno,Kazuya Tsurumaki,-0.7177245362015595,1.1763901481394614,10.0,False,True,False,False,False,False,False,False,False,False,False,False,False
Lagaan: Once Upon a Time in India,2001,3.6007964557577825,0.5472966194901472,Ashutosh Gowariker,Aamir Khan,-0.51544096599009,-0.6378172969629098,10.0,True,False,False,False,False,False,False,False,False,False,False,False,False
The Sixth Sense,1999,-0.5659264405586738,0.5472966194901472,M. Night Shyamalan,Bruce Willis,1.9494577916229268,0.8219882859432075,10.0,False,False,False,False,False,True,False,False,False,False,False,False,False
La leggenda del pianista sull'oceano,1998,1.6420805643269698,0.5472966194901472,Giuseppe Tornatore,Tim Roth,-0.6560728046166138,-0.6368771467334361,10.0,False,False,False,False,False,True,False,False,False,False,False,False,False
The Truman Show,1998,-0.7083785053900056,0.5472966194901472,Peter Weir,Jim Carrey,2.0352072728508257,-0.013232516678944737,10.0,False,False,False,True,False,False,False,False,False,False,False,False,False
"Crna macka, beli macor",1998,0.14633388359798544,0.5472966194901472,Emir Kusturica,Bajram Severdzan,-0.6810048834482197,-0.6364317320308461,10.0,False,False,False,True,False,False,False,False,False,False,False,False,False
The Big Lebowski,1998,-0.20979627848034416,0.5472966194901472,Joel Coen,Ethan Coen,1.4025504242347944,-0.5511120589590647,10.0,False,False,False,True,False,False,False,False,False,False,False,False,False
Fa yeung nin wah,2000,-0.8864435864291704,0.5472966194901472,Kar-Wai Wong,Tony Chiu-Wai Leung,-0.45631361502722156,-0.6245647656059194,10.0,False,False,False,False,False,True,False,False,False,False,False,False,False
Trainspotting,1996,-1.0645086674683353,0.5472966194901472,Danny Boyle,Ewan McGregor,1.1033410290485293,-0.5560720951620467,10.0,False,False,False,False,False,True,False,False,False,False,False,False,False
Fargo,1996,-0.8864435864291704,0.5472966194901472,Joel Coen,Ethan Coen,1.0505551911495958,-0.5157249844118378,10.0,False,False,False,False,True,False,False,False,False,False,False,False,False
Underground,1995,1.6776935805348028,0.5472966194901472,Emir Kusturica,Predrag 'Miki' Manojlovic,-0.6676861779385189,-0.6373151588350024,10.0,False,False,False,True,False,False,False,False,False,False,False,False,False
La haine,1995,-0.8864435864291704,0.5472966194901472,Mathieu Kassovitz,Vincent Cassel,-0.37696982603161544,-0.6366250006109331,10.0,False,False,False,False,True,False,False,False,False,False,False,False,False
Dilwale Dulhania Le Jayenge,1995,2.354340888483629,0.5472966194901472,Aditya Chopra,Shah Rukh Khan,-0.6423323502862753,-0.5629381120837099,10.0,False,False,False,False,False,True,False,False,False,False,False,False,False
Before Sunrise,1995,-0.7796045378056715,0.5472966194901472,Richard Linklater,Ethan Hawke,-0.004284451528180451,-0.6106283692307031,10.0,False,False,False,False,False,True,False,False,False,False,False,False,False
Trois couleurs: Rouge,1994,-0.8508305702213375,0.5472966194901472,Krzysztof Kieslowski,Irène Jacob,-0.5591653165470631,-0.6180494717820848,10.0,False,False,False,False,False,True,False,False,False,False,False,False,False
Chung Hing sam lam,1994,-0.7439915215978385,0.5472966194901472,Kar-Wai Wong,Brigitte Lin,-0.6435364737307044,-0.6351803541669357,10.0,False,False,False,True,False,False,False,False,False,False,False,False,False
Jurassic Park,1993,0.14633388359798544,0.5472966194901472,Steven Spielberg,Sam Neill,1.815115511495477,1.3639879776518302,10.0,False,False,False,False,False,False,False,False,False,False,False,False,False
In the Name of the Father,1993,0.3600119808449832,0.5472966194901472,Jim Sheridan,Daniel Day-Lewis,-0.3571140138020317,-0.5137428235658207,10.0,False,False,True,False,False,False,False,False,False,False,False,False,False
Ba wang bie ji,1993,1.7133065967426357,0.5472966194901472,Kaige Chen,Leslie Cheung,-0.759774116079479,-0.6122129487134063,10.0,False,False,False,False,False,True,False,False,False,False,False,False,False
Dà hóng denglong gaogao guà,1991,0.07510785118231952,0.5472966194901472,Yimou Zhang,Gong Li,-0.7457952819809541,-0.625216388515789,10.0,False,False,False,False,False,True,False,False,False,False,False,False,False
Dead Poets Society,1989,0.1819468998058184,0.5472966194901472,Peter Weir,Robin Williams,0.46381395326732844,-0.16127501028379626,10.0,False,False,False,True,False,False,False,False,False,False,False,False,False
Stand by Me,1986,-1.2069607322996672,0.5472966194901472,Rob Reiner,Wil Wheaton,0.27416145461886793,-0.37804337616423184,10.0,True,False,False,False,False,False,False,False,False,False,False,False,False
Platoon,1986,-0.10295722985684527,0.5472966194901472,Oliver Stone,Charlie Sheen,0.3286251193477292,0.05100476757148721,10.0,False,False,False,False,False,True,False,False,False,False,False,False,False
"Paris, Texas",1984,0.7873681753389787,0.5472966194901472,Wim Wenders,Harry Dean Stanton,-0.557762543295812,-0.6273111753595045,10.0,False,False,False,False,False,True,False,False,False,False,False,False,False
Kaze no tani no Naushika,1984,-0.20979627848034416,0.5472966194901472,Hayao Miyazaki,Sumi Shimamoto,-0.375200314675462,-0.6356998794524894,10.0,False,True,False,False,False,False,False,False,False,False,False,False,False
The Thing,1982,-0.49470040814300786,0.5472966194901472,John Carpenter,Kurt Russell,0.29821336199870846,-0.5695984929077158,10.0,False,False,False,False,False,False,False,False,False,True,False,False,False
Pink Floyd: The Wall,1982,-0.9932826350526693,0.5472966194901472,Alan Parker,Bob Geldof,-0.6039318145521335,-0.5275043135923873,10.0,False,False,False,False,False,True,False,False,False,False,False,False,False
Fitzcarraldo,1982,1.2503373860408071,0.5472966194901472,Werner Herzog,Klaus Kinski,-0.7398877423411533,2.4291275683810243,10.0,True,False,False,False,False,False,False,False,False,False,False,False,False
Fanny och Alexander,1982,2.318727872275796,0.5472966194901472,Ingmar Bergman,Bertil Guve,-0.6598502070971072,-0.6134345171785707,10.0,False,False,False,False,False,True,False,False,False,False,False,False,False
Blade Runner,1982,-0.20979627848034416,0.5472966194901472,Ridley Scott,Harrison Ford,1.2839931633725132,-0.47464767273887687,10.0,False,False,False,False,False,False,False,False,False,False,False,False,False
The Elephant Man,1980,0.03949483497448656,0.5472966194901472,David Lynch,Anthony Hopkins,-0.16385525712203225,3.110818853610371,10.0,False,False,True,False,False,False,False,False,False,False,False,False,False
Life of Brian,1979,-1.0288956512605023,0.5472966194901472,Terry Jones,Graham Chapman,0.28592457933360826,-0.5384445022283993,10.0,False,False,False,True,False,False,False,False,False,False,False,False,False
The Deer Hunter,1978,2.140662791236631,0.5472966194901472,Michael Cimino,Robert De Niro,0.11511936312625025,-0.3945006616548573,10.0,False,False,False,False,False,True,False,False,False,False,False,False,False
Rocky,1976,-0.10295722985684527,0.5472966194901472,John G. Avildsen,Sylvester Stallone,0.7483079819943901,-0.05493659185497722,10.0,False,False,False,False,False,True,False,False,False,False,False,False,False
Network,1976,-0.06734421364901232,0.5472966194901472,Sidney Lumet,Faye Dunaway,-0.3935769498819399,2.7616962946354433,10.0,False,False,False,False,False,True,False,False,False,False,False,False,False
Barry Lyndon,1975,2.211888823652297,0.5472966194901472,Stanley Kubrick,Ryan O'Neal,-0.3785040137704566,-0.4590305675398412,10.0,True,False,False,False,False,False,False,False,False,False,False,False,False
Zerkalo,1975,-0.5659264405586738,0.5472966194901472,Andrei Tarkovsky,Margarita Terekhova,-0.7139532460228145,-0.6372840012474948,10.0,False,False,True,False,False,False,False,False,False,False,False,False,False
Chinatown,1974,0.25317293222148435,0.5472966194901472,Roman Polanski,Jack Nicholson,0.06276444250057704,-0.4938951468063457,10.0,False,False,False,False,False,True,False,False,False,False,False,False,False
Paper Moon,1973,-0.7439915215978385,0.5472966194901472,Peter Bogdanovich,Ryan O'Neal,-0.7072174894961095,-0.48427503396269583,10.0,False,False,False,True,False,False,False,False,False,False,False,False,False
Viskningar och rop,1972,-1.1357346998840012,0.5472966194901472,Ingmar Bergman,Harriet Andersson,-0.7441327359053971,-0.6294983205956964,10.0,False,False,False,False,False,True,False,False,False,False,False,False,False
Solaris,1972,1.5708545319113039,0.5472966194901472,Andrei Tarkovsky,Natalya Bondarchuk,-0.5888344292336568,1.9798409124411913,10.0,False,False,False,False,False,True,False,False,False,False,False,False,False
Le samouraï,1967,-0.6371524729743396,0.5472966194901472,Jean-Pierre Melville,Alain Delon,-0.6975936703932991,-0.6379698562122327,10.0,False,False,False,False,True,False,False,False,False,False,False,False,False
Cool Hand Luke,1967,0.14633388359798544,0.5472966194901472,Stuart Rosenberg,Paul Newman,-0.34139928600696945,-0.5574850168837805,10.0,False,False,False,False,True,False,False,False,False,False,False,False,False
Persona,1966,-1.3494127971309988,0.5472966194901472,Ingmar Bergman,Bibi Andersson,-0.5210795643529624,1.6738461060249261,10.0,False,False,False,False,False,True,False,False,False,False,False,False,False
Andrei Rublev,1966,2.9241491478089565,0.5472966194901472,Andrei Tarkovsky,Anatoliy Solonitsyn,-0.6929697141206563,-0.6376587280751214,10.0,False,False,True,False,False,False,False,False,False,False,False,False,False
La battaglia di Algeri,1966,-0.06734421364901232,0.5472966194901472,Gillo Pontecorvo,Brahim Hadjadj,-0.6741988354514085,-0.6378881340838616,10.0,False,False,False,False,False,True,False,False,False,False,False,False,False
El ángel exterminador,1962,-0.9932826350526693,0.5472966194901472,Luis Buñuel,Silvia Pinal,-0.7457341589634704,1.0794669875106406,10.0,False,False,False,False,False,True,False,False,False,False,False,False,False
What Ever Happened to Baby Jane?,1962,0.3956249970528162,0.5472966194901472,Robert Aldrich,Bette Davis,-0.683462028751065,-0.618018060476397,10.0,False,False,False,False,False,True,False,False,False,False,False,False,False
Sanjuro,1962,-0.9576696188448364,0.5472966194901472,Akira Kurosawa,Toshirô Mifune,-0.7354593797244584,3.5811222699355962,10.0,False,False,False,False,False,False,False,False,False,False,False,False,False
The Man Who Shot Liberty Valance,1962,0.0038818187666536026,0.5472966194901472,John Ford,James Stewart,-0.6261011329934757,2.0553585020105563,10.0,False,False,False,False,False,True,False,False,False,False,False,False,False
Ivanovo detstvo,1962,-0.9932826350526693,0.5472966194901472,Andrei Tarkovsky,Eduard Abalov,-0.7394812742748866,1.294401692303498,10.0,False,False,False,False,False,True,False,False,False,False,False,False,False
Jungfrukällan,1960,-1.2069607322996672,0.5472966194901472,Ingmar Bergman,Max von Sydow,-0.7548567693229143,-0.6305746229655035,10.0,False,False,False,False,False,True,False,False,False,False,False,False,False
Inherit the Wind,1960,0.1819468998058184,0.5472966194901472,Stanley Kramer,Spencer Tracy,-0.7531544932859929,-0.32549127672487876,10.0,False,False,True,False,False,False,False,False,False,False,False,False,False
Les quatre cents coups,1959,-0.8508305702213375,0.5472966194901472,François Truffaut,Jean-Pierre Léaud,-0.5146616475171727,0.6725782115478923,10.0,False,False,False,False,True,False,False,False,False,False,False,False,False
Ben-Hur,1959,3.1734402612637873,0.5472966194901472,William Wyler,Charlton Heston,-0.16572562145703382,-0.2665437578395586,10.0,True,False,False,False,False,False,False,False,False,False,False,False,False
Kakushi-toride no san-akunin,1958,0.573690078091981,0.5472966194901472,Akira Kurosawa,Toshirô Mifune,-0.7301019472420112,1.570207119687416,10.0,True,False,False,False,False,False,False,False,False,False,False,False,False
Le notti di Cabiria,1957,-0.4590873919351749,0.5472966194901472,Federico Fellini,Giulietta Masina,-0.705215710673518,-0.6344249455967462,10.0,False,False,False,False,False,True,False,False,False,False,False,False,False
Kumonosu-jô,1957,-0.4590873919351749,0.5472966194901472,Akira Kurosawa,Toshirô Mifune,-0.6937918187058122,2.4094579022867575,10.0,False,False,False,False,False,True,False,False,False,False,False,False,False
The Bridge on the River Kwai,1957,1.357176434664306,0.5472966194901472,David Lean,William Holden,-0.2146332038966257,-0.41475497403427464,10.0,True,False,False,False,False,False,False,False,False,False,False,False,False
On the Waterfront,1954,-0.5303134243508408,0.5472966194901472,Elia Kazan,Marlon Brando,-0.4021463969331563,-0.5904075526259447,10.0,False,False,False,False,True,False,False,False,False,False,False,False,False
Le salaire de la peur,1953,0.28878594842931726,0.5472966194901472,Henri-Georges Clouzot,Yves Montand,-0.6696176652910043,-0.018442898102836724,10.0,True,False,False,False,False,False,False,False,False,False,False,False,False
Ace in the Hole,1951,-0.4234743757273419,0.5472966194901472,Billy Wilder,Kirk Douglas,-0.7399702584147564,-0.6184165820894377,10.0,False,False,False,False,False,True,False,False,False,False,False,False,False
White Heat,1949,-0.31663532710384307,0.5472966194901472,Raoul Walsh,James Cagney,-0.7453521401041971,0.9694373426741929,10.0,False,False,False,False,False,False,False,False,False,False,False,False,False
The Third Man,1949,-0.6727654891821726,0.5472966194901472,Carol Reed,Orson Welles,-0.35134094480069517,-0.6359316037489158,10.0,False,False,False,False,False,False,False,False,True,False,False,False,False
The Red Shoes,1948,0.43123801326064914,0.5472966194901472,Michael Powell,Emeric Pressburger,-0.7419048019181158,-0.5839402264627757,10.0,False,False,False,False,False,True,False,False,False,False,False,False,False
The Shop Around the Corner,1940,-0.8508305702213375,0.5472966194901472,Ernst Lubitsch,Margaret Sullavan,-0.749499336840467,-0.6371548785932141,10.0,False,False,False,True,False,False,False,False,False,False,False,False,False
Rebecca,1940,0.25317293222148435,0.5472966194901472,Alfred Hitchcock,Laurence Olivier,-0.4576613775627374,-0.6164758519297951,10.0,False,False,False,False,False,True,False,False,False,False,False,False,False
Mr. Smith Goes to Washington,1939,0.21755991601365138,0.5472966194901472,Frank Capra,James Stewart,-0.5093867311083283,-0.5904075526259447,10.0,False,False,False,True,False,False,False,False,False,False,False,False,False
Gone with the Wind,1939,4.099378682667444,0.5472966194901472,Victor Fleming,George Cukor,0.05006307946746176,0.3502225474740945,10.0,False,False,False,False,False,True,False,False,False,False,False,False,False
La Grande Illusion,1937,-0.352248343311676,0.5472966194901472,Jean Renoir,Jean Gabin,-0.7330603012882227,-0.6373061891511008,10.0,False,False,False,False,False,True,False,False,False,False,False,False,False
It Happened One Night,1934,-0.6371524729743396,0.5472966194901472,Frank Capra,Clark Gable,-0.5491197486236151,-0.6164758519297951,10.0,False,False,False,True,False,False,False,False,False,False,False,False,False
La passion de Jeanne d'Arc,1928,-0.4590873919351749,0.5472966194901472,Carl Theodor Dreyer,Maria Falconetti,-0.690741780133375,-0.6380574337582144,10.0,False,False,True,False,False,False,False,False,False,False,False,False,False
The Circus,1928,-1.8123820078328274,0.5472966194901472,Charles Chaplin,Charles Chaplin,-0.7441357920562713,0.6538155332244809,10.0,False,False,False,True,False,False,False,False,False,False,False,False,False
Sunrise: A Song of Two Humans,1927,-1.0288956512605023,0.5472966194901472,F.W. Murnau,George O'Brien,-0.6932203184923394,-0.6354821295554418,10.0,False,False,False,False,False,True,False,False,False,False,False,False,False
The General,1926,-1.9904470888719923,0.5472966194901472,Clyde Bruckman,Buster Keaton,-0.5884218488656418,-0.6330227795359084,10.0,False,False,False,False,False,False,False,False,False,False,False,False,False
Das Cabinet des Dr. Caligari,1920,-1.6699299430014956,0.5472966194901472,Robert Wiene,Werner Krauss,-0.6609381968083172,1.0412228124351128,10.0,False,False,False,False,False,False,False,True,False,False,False,False,False
Badhaai ho,2018,0.03949483497448656,0.18412699806337648,Amit Ravindernath Sharma,Ayushmann Khurrana,-0.7509418400530826,-0.49519676086994513,10.0,False,False,False,True,False,False,False,False,False,False,False,False,False
Togo,2019,-0.352248343311676,0.18412699806337648,Ericson Core,Willem Dafoe,-0.721670026980133,3.710919635480677,10.0,True,False,False,False,False,False,False,False,False,False,False,False,False
Airlift,2016,0.25317293222148435,0.18412699806337648,Raja Menon,Akshay Kumar,-0.674785616419252,-0.15596501213752637,10.0,False,False,False,False,False,True,False,False,False,False,False,False,False
Bajrangi Bhaijaan,2015,1.428402467079972,0.18412699806337648,Kabir Khan,Salman Khan,-0.6156552093055094,-0.5974818075003294,10.0,False,False,False,False,False,False,False,False,False,False,False,False,False
Baby,2015,1.28595040224864,0.18412699806337648,Neeraj Pandey,Akshay Kumar,-0.6749353678120872,0.47135734751237784,10.0,False,False,False,False,False,False,False,False,False,False,False,False,False
La La Land,2016,0.1819468998058184,0.18412699806337648,Damien Chazelle,Ryan Gosling,0.7097149087551745,0.11354499558750593,10.0,False,False,False,True,False,False,False,False,False,False,False,False,False
Lion,2016,-0.1741832622725112,0.18412699806337648,Garth Davis,Dev Patel,-0.1825222266615578,-0.38076919992115293,10.0,False,False,True,False,False,False,False,False,False,False,False,False,False
The Martian,2015,0.7517551591311458,0.18412699806337648,Ridley Scott,Matt Damon,1.486515113352169,0.49826065822175386,10.0,True,False,False,False,False,False,False,False,False,False,False,False,False
Zootopia,2016,-0.5303134243508408,0.18412699806337648,Byron Howard,Rich Moore,0.4903596797605044,1.0595976302839203,10.0,False,True,False,False,False,False,False,False,False,False,False,False,False
Bãhubali: The Beginning,2015,1.28595040224864,0.18412699806337648,S.S. Rajamouli,Prabhas,-0.521748861394409,-0.6046456199174752,10.0,False,False,False,False,False,False,False,False,False,False,False,False,False
Kaguyahime no monogatari,2013,0.5024640456763151,0.18412699806337648,Isao Takahata,Chloë Grace Moretz,-0.7180332074398522,-0.6306692697964684,10.0,False,True,False,False,False,False,False,False,False,False,False,False,False
Wonder,2017,-0.352248343311676,0.18412699806337648,Stephen Chbosky,Jacob Tremblay,-0.4027087286940064,0.02061949820452379,10.0,False,False,False,False,False,True,False,False,False,False,False,False,False
Gully Boy,2019,1.1078853212094755,0.18412699806337648,Zoya Akhtar,Vijay Varma,-0.7389984024367653,-0.6104735066182928,10.0,False,False,False,False,False,True,False,False,False,False,False,False,False
Special Chabbis,2013,0.7517551591311458,0.18412699806337648,Neeraj Pandey,Akshay Kumar,-0.6803722602172633,-0.6327965524667207,10.0,False,False,False,False,True,False,False,False,False,False,False,False,False
Short Term 12,2013,-0.9576696188448364,0.18412699806337648,Destin Daniel Cretton,Brie Larson,-0.5865453722288918,-0.6331395943710141,10.0,False,False,False,False,False,True,False,False,False,False,False,False,False
Serbuan maut 2: Berandal,2014,0.9654332563781436,0.18412699806337648,Gareth Evans,Iko Uwais,-0.4870798858776478,-0.6251032501068637,10.0,False,False,False,False,False,False,False,False,False,False,False,False,False
The Imitation Game,2014,-0.31663532710384307,0.18412699806337648,Morten Tyldum,Benedict Cumberbatch,1.2576308059317882,-0.18482818136738913,10.0,False,False,True,False,False,False,False,False,False,False,False,False,False
Guardians of the Galaxy,2014,-0.06734421364901232,0.18412699806337648,James Gunn,Chris Pratt,2.3525090812122698,1.0193427635042633,10.0,False,False,False,False,False,False,False,False,False,False,False,False,False
Blade Runner 2049,2017,1.464015483287805,0.18412699806337648,Denis Villeneuve,Harrison Ford,0.5749539359579613,-0.18020913742379335,10.0,False,False,False,False,False,False,False,False,False,False,False,False,False
Her,2013,0.11072086739015248,0.18412699806337648,Spike Jonze,Joaquin Phoenix,0.8162339913240388,-0.5109676391856758,10.0,False,False,False,False,False,True,False,False,False,False,False,False,False
Bohemian Rhapsody,2018,0.3956249970528162,0.18412699806337648,Bryan Singer,Rami Malek,0.5398876608275559,0.43853429914606834,10.0,False,False,True,False,False,False,False,False,False,False,False,False,False
The Revenant,2015,1.1791113536251414,0.18412699806337648,Alejandro G. Iñárritu,Leonardo DiCaprio,1.3199396099546838,0.27540769756561934,10.0,False,False,False,False,False,False,False,False,False,False,False,False,False
The Perks of Being a Wallflower,2012,-0.7083785053900056,0.18412699806337648,Stephen Chbosky,Logan Lerman,0.5762650246829869,-0.5499192551707275,10.0,False,False,False,False,False,True,False,False,False,False,False,False,False
Tropa de Elite 2: O Inimigo Agora é Outro,2010,-0.2810223108960101,0.18412699806337648,José Padilha,Wagner Moura,-0.5943996799755487,-0.6376681902707847,10.0,False,False,False,False,False,False,False,False,False,False,False,False,False
The King's Speech,2010,-0.1741832622725112,0.18412699806337648,Tom Hooper,Colin Firth,1.118276438370674,0.052332479783588126,10.0,False,False,True,False,False,False,False,False,False,False,False,False,False
The Help,2011,0.8229811915468117,0.18412699806337648,Tate Taylor,Emma Stone,0.47317799954583306,0.20610889481497274,10.0,False,False,False,False,False,True,False,False,False,False,False,False,False
Deadpool,2016,-0.5303134243508408,0.18412699806337648,Tim Miller,Ryan Reynolds,1.9222458242391782,1.1680619583198986,10.0,False,False,False,False,False,False,False,False,False,False,False,False,False
Darbareye Elly,2009,-0.13857024606467824,0.18412699806337648,Asghar Farhadi,Golshifteh Farahani,-0.6964659507207246,-0.6376356397207189,10.0,False,False,False,False,False,True,False,False,False,False,False,False,False
Dev.D,2009,0.7517551591311458,0.18412699806337648,Anurag Kashyap,Abhay Deol,-0.7485855477290855,-0.6381117941220491,10.0,False,False,False,False,False,True,False,False,False,False,False,False,False
Yip Man,2008,-0.6015394567665068,0.18412699806337648,Wilson Yip,Donnie Yen,-0.19029401833461174,2.414929051276415,10.0,False,False,False,False,False,False,False,False,False,False,False,False,False
My Name Is Khan,2010,1.499628499495638,0.18412699806337648,Karan Johar,Shah Rukh Khan,-0.535186756788203,-0.6181737986652723,10.0,False,False,False,False,False,True,False,False,False,False,False,False,False
Nefes: Vatan Sagolsun,2009,0.1819468998058184,0.18412699806337648,Levent Semerci,Erdem Can,-0.7391450976787263,-0.4116715071405303,10.0,False,False,False,False,False,False,False,False,False,False,False,False,False
Slumdog Millionaire,2008,-0.10295722985684527,0.18412699806337648,Danny Boyle,Loveleen Tandan,1.6050570934600792,0.06488147550108381,10.0,False,False,False,False,False,True,False,False,False,False,False,False,False
Black Swan,2010,-0.5303134243508408,0.18412699806337648,Darren Aronofsky,Natalie Portman,1.3018594213830021,-0.10608104790571889,10.0,False,False,False,False,False,True,False,False,False,False,False,False,False
Tropa de Elite,2007,-0.2810223108960101,0.18412699806337648,José Padilha,Wagner Moura,-0.5366475969060638,-0.6381261714855965,10.0,False,False,False,False,False,False,False,False,False,False,False,False,False
The Avengers,2012,0.7161421429233128,0.18412699806337648,Joss Whedon,Robert Downey Jr.,3.0167665298673803,2.462566132077748,10.0,False,False,False,False,False,False,False,False,False,False,False,False,False
Persepolis,2007,-0.9576696188448364,0.18412699806337648,Vincent Paronnaud,Marjane Satrapi,-0.5655007173092499,-0.6160492272971423,10.0,False,True,False,False,False,False,False,False,False,False,False,False,False
Dallas Buyers Club,2013,-0.20979627848034416,0.18412699806337648,Jean-Marc Vallée,Matthew McConaughey,0.5131921829415449,-0.5023609513769282,10.0,False,False,True,False,False,False,False,False,False,False,False,False,False
The Pursuit of Happyness,2006,-0.20979627848034416,0.18412699806337648,Gabriele Muccino,Will Smith,0.5355509827370866,0.17555499240573783,10.0,False,False,True,False,False,False,False,False,False,False,False,False,False
Blood Diamond,2006,0.7161421429233128,0.18412699806337648,Edward Zwick,Leonardo DiCaprio,0.6899141072413262,-0.35277678651103295,10.0,True,False,False,False,False,False,False,False,False,False,False,False,False
The Bourne Ultimatum,2007,-0.2810223108960101,0.18412699806337648,Paul Greengrass,Matt Damon,1.0115892675037297,0.4934718867653051,10.0,False,False,False,False,False,False,False,False,False,False,False,False,False
Bin-jip,2004,-1.2425737485075,0.18412699806337648,Ki-duk Kim,Seung-Yun Lee,-0.6817750334685145,-0.6369797284761166,10.0,False,False,False,False,True,False,False,False,False,False,False,False,False
Sin City,2005,0.03949483497448656,0.18412699806337648,Frank Miller,Quentin Tarantino,1.4205572651854959,-0.2695096736179879,10.0,False,False,False,False,True,False,False,False,False,False,False,False,False
Le scaphandre et le papillon,2007,-0.38786135951950895,0.18412699806337648,Julian Schnabel,Laura Obiols,-0.5207953423216631,-0.608366446779466,10.0,False,False,True,False,False,False,False,False,False,False,False,False,False
G.O.R.A.,2004,0.14633388359798544,0.18412699806337648,Ömer Faruk Sorak,Cem Yilmaz,-0.662368475417436,0.3379327273651546,10.0,True,False,False,False,False,False,False,False,False,False,False,False,False
Ratatouille,2007,-0.4234743757273419,0.18412699806337648,Brad Bird,Jan Pinkava,1.124517098455761,0.38887325369737274,10.0,False,True,False,False,False,False,False,False,False,False,False,False,False
Casino Royale,2006,0.7517551591311458,0.18412699806337648,Martin Campbell,Daniel Craig,0.9429633996238924,0.1948549911113842,10.0,False,False,False,False,False,False,False,False,False,False,False,False,False
Kill Bill: Vol. 2,2004,0.5024640456763151,0.18412699806337648,Quentin Tarantino,Uma Thurman,1.2536547536444729,-0.3087894118833611,10.0,False,False,False,False,False,False,False,False,False,False,False,False,False
Vozvrashchenie,2003,-0.4590873919351749,0.18412699806337648,Andrey Zvyagintsev,Vladimir Garin,-0.7068690882964523,-0.6356687467393132,10.0,False,False,False,False,False,True,False,False,False,False,False,False,False
Bom Yeoareum Gaeul Gyeoul Geurigo Bom,2003,-0.7083785053900056,0.18412699806337648,Ki-duk Kim,Ki-duk Kim,-0.5995340134441804,-0.6263221669683013,10.0,False,False,False,False,False,True,False,False,False,False,False,False,False
Mar adentro,2014,0.11072086739015248,0.18412699806337648,Alejandro Amenábar,Javier Bardem,-0.5994301043144582,-0.6277869815201951,10.0,False,False,True,False,False,False,False,False,False,False,False,False,False
Cinderella Man,2005,0.7517551591311458,0.18412699806337648,Ron Howard,Russell Crowe,-0.2981027965723823,-0.33146620554831546,10.0,False,False,True,False,False,False,False,False,False,False,False,False,False
Kal Ho Naa Ho,2003,2.24750183986013,0.18412699806337648,Nikkhil Advani,Preity Zinta,-0.6425034947352297,-0.6292743023671368,10.0,False,False,False,True,False,False,False,False,False,False,False,False,False
Mou gaan dou,2002,-0.7796045378056715,0.18412699806337648,Andrew Lau,Alan Mak,-0.4762580556321567,-0.637322238069718,10.0,False,False,False,False,False,False,False,False,False,False,False,False,False
Pirates of the Caribbean: The Curse of the Black Pearl,2003,0.7161421429233128,0.18412699806337648,Gore Verbinski,Johnny Depp,2.2659191584939697,0.881227132997847,10.0,False,False,False,False,False,False,False,False,False,False,False,False,False
Big Fish,2003,0.07510785118231952,0.18412699806337648,Tim Burton,Ewan McGregor,0.43252202446654225,-0.30854654388646896,10.0,True,False,False,False,False,False,False,False,False,False,False,False,False
The Incredibles,2004,-0.2810223108960101,0.18412699806337648,Brad Bird,Craig T. Nelson,1.1715879342199673,0.6624682037222487,10.0,False,True,False,False,False,False,False,False,False,False,False,False,False
Yeopgijeogin geunyeo,2001,0.5024640456763151,0.18412699806337648,Jae-young Kwak,Tae-Hyun Cha,-0.6976884110703988,3.206021804977114,10.0,False,False,False,True,False,False,False,False,False,False,False,False,False
Dogville,2003,1.9625977101974665,0.18412699806337648,Lars von Trier,Nicole Kidman,-0.41481108615578133,-0.6305528032020022,10.0,False,False,False,False,True,False,False,False,False,False,False,False,False
Vizontele,2001,-0.4590873919351749,0.18412699806337648,Yilmaz Erdogan,Ömer Faruk Sorak,-0.7337846090454048,0.35769599059360135,10.0,False,False,False,True,False,False,False,False,False,False,False,False,False
Donnie Darko,2001,-0.352248343311676,0.18412699806337648,Richard Kelly,Jake Gyllenhaal,1.425367646661464,-0.6308034369651565,10.0,False,False,False,False,False,True,False,False,False,False,False,False,False
Magnolia,1999,2.318727872275796,0.18412699806337648,Paul Thomas Anderson,Tom Cruise,0.04904843737723214,-0.5264507911352734,10.0,False,False,False,False,False,True,False,False,False,False,False,False,False
Dancer in the Dark,2000,0.6093030942998139,0.18412699806337648,Lars von Trier,Björk,-0.5238484370449745,-0.6173512492997766,10.0,False,False,False,False,True,False,False,False,False,False,False,False,False
The Straight Story,1999,-0.38786135951950895,0.18412699806337648,David Lynch,Richard Farnsworth,-0.5858363452260807,-0.6073069544828169,10.0,False,False,True,False,False,False,False,False,False,False,False,False,False
Pâfekuto burû,1997,-1.4918648619623307,0.18412699806337648,Satoshi Kon,Junko Iwao,-0.6586032975404394,-0.6343024643889483,10.0,False,True,False,False,False,False,False,False,False,False,False,False,False
Festen,1998,-0.6371524729743396,0.18412699806337648,Thomas Vinterberg,Ulrich Thomsen,-0.5970249135764741,-0.629968783750003,10.0,False,False,False,False,False,True,False,False,False,False,False,False,False
Central do Brasil,1998,-0.4590873919351749,0.18412699806337648,Walter Salles,Fernanda Montenegro,-0.725144870524082,-0.610329762832017,10.0,False,False,False,False,False,True,False,False,False,False,False,False,False
The Iron Giant,1999,-1.3137997809231658,0.18412699806337648,Brad Bird,Eli Marienthal,-0.3105352183285693,-0.5229518234098768,10.0,False,True,False,False,False,False,False,False,False,False,False,False,False
Knockin' on Heaven's Door,1997,-1.2781867647153329,0.18412699806337648,Thomas Jahn,Til Schweiger,-0.7517272708277483,-0.6381498717485513,10.0,False,False,False,False,False,False,False,False,False,False,False,False,False
Sling Blade,1996,0.43123801326064914,0.18412699806337648,Billy Bob Thornton,Billy Bob Thornton,-0.5710567995985192,-0.516404347176081,10.0,False,False,False,False,False,True,False,False,False,False,False,False,False
Secrets & Lies,1996,0.4668510294684821,0.18412699806337648,Mike Leigh,Timothy Spall,-0.7216455777731396,-0.5714170353766711,10.0,False,False,False,True,False,False,False,False,False,False,False,False,False
Twelve Monkeys,1995,0.21755991601365138,0.18412699806337648,Terry Gilliam,Bruce Willis,0.9313622509054839,-0.3538951513752321,10.0,False,False,False,False,False,False,False,False,False,False,True,False,False
Kôkaku Kidôtai,1995,-1.4206388295466648,0.18412699806337648,Mamoru Oshii,Atsuko Tanaka,-0.44149739558916984,-0.6355997105199545,10.0,False,True,False,False,False,False,False,False,False,False,False,False,False
The Nightmare Before Christmas,1993,-1.6699299430014956,0.18412699806337648,Henry Selick,Danny Elfman,0.08103411242645844,-0.26464003571016814,10.0,False,True,False,False,False,False,False,False,False,False,False,False,False
Groundhog Day,1993,-0.7796045378056715,0.18412699806337648,Harold Ramis,Bill Murray,0.9299808707103521,-0.2854135599585635,10.0,False,False,False,True,False,False,False,False,False,False,False,False,False
Bound by Honor,1993,2.0338237426131323,0.18412699806337648,Taylor Hackford,Damian Chapa,-0.7483532802626474,-0.6157963697687612,10.0,False,False,False,False,True,False,False,False,False,False,False,False,False
Scent of a Woman,1992,1.1791113536251414,0.18412699806337648,Martin Brest,Al Pacino,-0.02987360279773633,-0.32029416824422013,10.0,False,False,False,False,False,True,False,False,False,False,False,False,False
Aladdin,1992,-1.1713477160918342,0.18412699806337648,Ron Clements,John Musker,0.3060798943488622,0.4431220064069704,10.0,False,True,False,False,False,False,False,False,False,False,False,False,False
JFK,1991,2.354340888483629,0.18412699806337648,Oliver Stone,Kevin Costner,-0.40213722848053374,-0.28790833102600594,10.0,False,False,False,False,False,True,False,False,False,False,False,False,False
Beauty and the Beast,1991,-1.3850258133388318,0.18412699806337648,Gary Trousdale,Kirk Wise,0.438512080179946,0.45116836010207484,10.0,False,True,False,False,False,False,False,False,False,False,False,False,False
Dances with Wolves,1990,2.0694367588209652,0.18412699806337648,Kevin Costner,Kevin Costner,-0.10215768327397372,0.2782481173672855,10.0,True,False,False,False,False,False,False,False,False,False,False,False,False
Do the Right Thing,1989,-0.10295722985684527,0.18412699806337648,Spike Lee,Danny Aiello,-0.5631383126835043,-0.5011313634273213,10.0,False,False,False,True,False,False,False,False,False,False,False,False,False
Rain Man,1988,0.3600119808449832,0.18412699806337648,Barry Levinson,Dustin Hoffman,0.6093081279346815,0.25133982184189757,10.0,False,False,False,False,False,True,False,False,False,False,False,False,False
Akira,1988,0.03949483497448656,0.18412699806337648,Katsuhiro Ôtomo,Mitsuo Iwata,-0.332432539342109,-0.6354143171531877,10.0,False,True,False,False,False,False,False,False,False,False,False,False,False
The Princess Bride,1987,-0.8864435864291704,0.18412699806337648,Rob Reiner,Cary Elwes,0.36736794397977984,-0.4846527705844214,10.0,True,False,False,False,False,False,False,False,False,False,False,False,False
Der Himmel über Berlin,1987,0.1819468998058184,0.18412699806337648,Wim Wenders,Bruno Ganz,-0.6386466323320076,-0.6215802189532739,10.0,False,False,False,False,False,True,False,False,False,False,False,False,False
Au revoir les enfants,1987,-0.6727654891821726,0.18412699806337648,Louis Malle,Gaspard Manesse,-0.7412079995188016,-0.615566322002271,10.0,False,False,False,False,False,True,False,False,False,False,False,False,False
Tenkû no shiro Rapyuta,1986,0.07510785118231952,0.18412699806337648,Hayao Miyazaki,Mayumi Tanaka,-0.3775963369608235,2.9234414405233755,10.0,False,True,False,False,False,False,False,False,False,False,False,False,False
The Terminator,1984,-0.5659264405586738,0.18412699806337648,James Cameron,Arnold Schwarzenegger,1.6078473592082108,-0.4471314037803545,10.0,False,False,False,False,False,False,False,False,False,False,False,False,False
Gandhi,1982,2.425566920899295,0.18412699806337648,Richard Attenborough,Ben Kingsley,-0.17123280533231625,-0.375653077288656,10.0,False,False,True,False,False,False,False,False,False,False,False,False,False
Kagemusha,1980,2.0338237426131323,0.18412699806337648,Akira Kurosawa,Tatsuya Nakadai,-0.738054051816642,-0.3080152331426995,10.0,False,False,False,False,False,True,False,False,False,False,False,False,False
Being There,1979,0.25317293222148435,0.18412699806337648,Hal Ashby,Peter Sellers,-0.6358869280926179,-0.4880371870388694,10.0,False,False,False,True,False,False,False,False,False,False,False,False,False
Annie Hall,1977,-1.0645086674683353,0.18412699806337648,Woody Allen,Woody Allen,-0.06683774762101094,-0.4431515107568659,10.0,False,False,False,True,False,False,False,False,False,False,False,False,False
Jaws,1975,0.03949483497448656,0.18412699806337648,Steven Spielberg,Roy Scheider,0.8242288820109083,0.6552989637259921,10.0,True,False,False,False,False,False,False,False,False,False,False,False,False
Dog Day Afternoon,1975,0.07510785118231952,0.18412699806337648,Sidney Lumet,Al Pacino,-0.11625876340746599,-0.3894229549397696,10.0,False,False,True,False,False,False,False,False,False,False,False,False,False
Young Frankenstein,1974,-0.6015394567665068,0.18412699806337648,Mel Brooks,Gene Wilder,-0.3983200960386759,-0.20883530899897362,10.0,False,False,False,True,False,False,False,False,False,False,False,False,False
Papillon,1973,1.0010462725859766,0.18412699806337648,Franklin J. Schaffner,Steve McQueen,-0.464736366836477,-0.37317006680509796,10.0,False,False,True,False,False,False,False,False,False,False,False,False,False
The Exorcist,1973,-0.03173119744117936,0.18412699806337648,William Friedkin,Ellen Burstyn,0.2710808545376889,0.5205106581086019,10.0,False,False,False,False,False,False,False,False,False,True,False,False,False
Sleuth,1972,0.5380770618841481,0.18412699806337648,Joseph L. Mankiewicz,Laurence Olivier,-0.6996901898929904,-0.6178625760057018,10.0,False,False,False,False,False,False,False,False,False,False,True,False,False
The Last Picture Show,1971,-0.1741832622725112,0.18412699806337648,Peter Bogdanovich,Timothy Bottoms,-0.7066948876966237,-0.4932334895911908,10.0,False,False,False,False,False,True,False,False,False,False,False,False,False
Fiddler on the Roof,1971,2.0694367588209652,0.18412699806337648,Norman Jewison,Topol,-0.715756375038584,-0.2376895334192661,10.0,False,False,False,False,False,True,False,False,False,False,False,False,False
Il conformista,1970,-0.352248343311676,0.18412699806337648,Bernardo Bertolucci,Jean-Louis Trintignant,-0.7537259934994657,-0.6354701898763713,10.0,False,False,False,False,False,True,False,False,False,False,False,False,False
Butch Cassidy and the Sundance Kid,1969,-0.4590873919351749,0.18412699806337648,George Roy Hill,Paul Newman,-0.219446641523468,-0.12919322694284407,10.0,False,False,True,False,False,False,False,False,False,False,False,False,False
Rosemary's Baby,1968,0.5024640456763151,0.18412699806337648,Roman Polanski,Mia Farrow,-0.24454986480402838,0.7927124167314078,10.0,False,False,False,False,False,True,False,False,False,False,False,False,False
Planet of the Apes,1968,-0.38786135951950895,0.18412699806337648,Franklin J. Schaffner,Charlton Heston,-0.33167155777443674,-0.4720284902155202,10.0,True,False,False,False,False,False,False,False,False,False,False,False,False
The Graduate,1967,-0.6015394567665068,0.18412699806337648,Mike Nichols,Dustin Hoffman,-0.061174700051145066,-0.11607740988607687,10.0,False,False,False,True,False,False,False,False,False,False,False,False,False
Who's Afraid of Virginia Woolf?,1966,0.28878594842931726,0.18412699806337648,Mike Nichols,Elizabeth Taylor,-0.6257985740569314,3.5360431957269824,10.0,False,False,False,False,False,True,False,False,False,False,False,False,False
The Sound of Music,1965,1.7489196129504687,0.18412699806337648,Robert Wise,Julie Andrews,-0.2086370358814736,0.1738029788235365,10.0,False,False,True,False,False,False,False,False,False,False,False,False,False
Doctor Zhivago,1965,2.6392450181462928,0.18412699806337648,David Lean,Omar Sharif,-0.622812714652852,-0.08236425844506415,10.0,False,False,False,False,False,True,False,False,False,False,False,False,False
Per un pugno di dollari,1964,-0.8508305702213375,0.18412699806337648,Sergio Leone,Clint Eastwood,-0.2306596590808549,-0.5660307078570769,10.0,False,False,False,False,False,False,False,False,False,False,False,False,False
8½,1963,0.5380770618841481,0.18412699806337648,Federico Fellini,Marcello Mastroianni,-0.5038031434611913,-0.6379140929361072,10.0,False,False,False,False,False,True,False,False,False,False,False,False,False
Vivre sa vie: Film en douze tableaux,1962,-1.5274778781701637,0.18412699806337648,Jean-Luc Godard,Anna Karina,-0.750700404134022,1.7624331220230032,10.0,False,False,False,False,False,True,False,False,False,False,False,False,False
The Hustler,1961,0.3956249970528162,0.18412699806337648,Robert Rossen,Paul Newman,-0.6070307515385577,-0.5969544766495835,10.0,False,False,False,False,False,True,False,False,False,False,False,False,False
La dolce vita,1960,1.8201456453661347,0.18412699806337648,Federico Fellini,Marcello Mastroianni,-0.6328430018219291,-0.5410767785998033,10.0,False,False,False,True,False,False,False,False,False,False,False,False,False
Rio Bravo,1959,0.6449161105076469,0.18412699806337648,Howard Hawks,John Wayne,-0.6643702542400276,-0.5758063200960208,10.0,False,False,False,False,False,False,False,False,False,False,False,False,False
Anatomy of a Murder,1959,1.357176434664306,0.18412699806337648,Otto Preminger,James Stewart,-0.6535453678436622,-0.5789653601834149,10.0,False,False,False,False,True,False,False,False,False,False,False,False,False
Touch of Evil,1958,-0.9932826350526693,0.18412699806337648,Orson Welles,Charlton Heston,-0.5356268425140858,-0.6270342146039999,10.0,False,False,False,False,True,False,False,False,False,False,False,False,False
Cat on a Hot Tin Roof,1958,-0.5303134243508408,0.18412699806337648,Richard Brooks,Elizabeth Taylor,-0.6987305585184961,-0.5507562565227648,10.0,False,False,False,False,False,True,False,False,False,False,False,False,False
Sweet Smell of Success,1957,-0.9576696188448364,0.18412699806337648,Alexander Mackendrick,Burt Lancaster,-0.7504559120640871,1.8017137358648416,10.0,False,False,False,False,False,True,False,False,False,False,False,False,False
The Killing,1956,-1.3850258133388318,0.18412699806337648,Stanley Kubrick,Sterling Hayden,-0.5867531904883364,0.8998343169008308,10.0,False,False,False,False,True,False,False,False,False,False,False,False,False
The Night of the Hunter,1955,-1.1001216836761682,0.18412699806337648,Charles Laughton,Robert Mitchum,-0.5859035805453128,-0.6349127063611061,10.0,False,False,False,False,True,False,False,False,False,False,False,False,False
La Strada,1954,-0.5303134243508408,0.18412699806337648,Federico Fellini,Anthony Quinn,-0.6582304471337888,-0.13156492479340143,10.0,False,False,False,False,False,True,False,False,False,False,False,False,False
Les diaboliques,1955,-0.20979627848034416,0.18412699806337648,Henri-Georges Clouzot,Simone Signoret,-0.648484381996011,-0.30017667961208405,10.0,False,False,False,False,True,False,False,False,False,False,False,False,False
Stalag 17,1953,-0.10295722985684527,0.18412699806337648,Billy Wilder,William Holden,-0.6804425516873696,3.2458244066633144,10.0,False,False,False,True,False,False,False,False,False,False,False,False,False
Roman Holiday,1953,-0.1741832622725112,0.18412699806337648,William Wyler,Gregory Peck,-0.4475332935656864,2.1354072246614946,10.0,False,False,False,True,False,False,False,False,False,False,False,False,False
A Streetcar Named Desire,1951,-0.03173119744117936,0.18412699806337648,Elia Kazan,Vivien Leigh,-0.5333316732075724,-0.5983673386729219,10.0,False,False,False,False,False,True,False,False,False,False,False,False,False
In a Lonely Place,1950,-1.0288956512605023,0.18412699806337648,Nicholas Ray,Humphrey Bogart,-0.7545908841968602,2.012827285667452,10.0,False,False,False,False,False,True,False,False,False,False,False,False,False
Kind Hearts and Coronets,1949,-0.6015394567665068,0.18412699806337648,Robert Hamer,Dennis Price,-0.731055466314757,0.9158259300333768,10.0,False,False,False,True,False,False,False,False,False,False,False,False,False
Rope,1948,-1.5274778781701637,0.18412699806337648,Alfred Hitchcock,James Stewart,-0.4398104003066194,1.6808632494344238,10.0,False,False,False,False,True,False,False,False,False,False,False,False,False
Out of the Past,1947,-0.9220566026370034,0.18412699806337648,Jacques Tourneur,Robert Mitchum,-0.7362539789517467,3.294376559393207,10.0,False,False,False,False,True,False,False,False,False,False,False,False,False
Brief Encounter,1945,-1.3137997809231658,0.18412699806337648,David Lean,Celia Johnson,-0.7276448019391659,1.7707684955494734,10.0,False,False,False,False,False,True,False,False,False,False,False,False,False
Laura,1944,-1.2425737485075,0.18412699806337648,Otto Preminger,Gene Tierney,-0.7058727831114678,-0.6164758519297951,10.0,False,False,False,False,False,True,False,False,False,False,False,False,False
The Best Years of Our Lives,1946,1.6776935805348028,0.18412699806337648,William Wyler,Myrna Loy,-0.6614546863060545,-0.5205106814009258,10.0,False,False,False,False,False,True,False,False,False,False,False,False,False
Arsenic and Old Lace,1942,-0.1741832622725112,0.18412699806337648,Frank Capra,Cary Grant,-0.6374883511506912,1.6545162780210687,10.0,False,False,False,True,False,False,False,False,False,False,False,False,False
The Maltese Falcon,1941,-0.8152175540135045,0.18412699806337648,John Huston,Humphrey Bogart,-0.3813003918203364,-0.6276789522989388,10.0,False,False,False,False,False,False,False,False,True,False,False,False,False
The Grapes of Wrath,1940,0.21755991601365138,0.18412699806337648,John Ford,Henry Fonda,-0.5749656165666026,-0.6378926512624432,10.0,False,False,False,False,False,True,False,False,False,False,False,False,False
The Wizard of Oz,1939,-0.7439915215978385,0.18412699806337648,Victor Fleming,George Cukor,0.29854342629312053,-0.6278383470145296,10.0,True,False,False,False,False,False,False,False,False,False,False,False,False
La règle du jeu,1939,-0.4590873919351749,0.18412699806337648,Jean Renoir,Marcel Dalio,-0.7547711970984371,1.913260421399384,10.0,False,False,False,True,False,False,False,False,False,False,False,False,False
The Thin Man,1934,-1.1357346998840012,0.18412699806337648,W.S. Van Dyke,William Powell,-0.7550248576209946,-0.4357512379705958,10.0,False,False,False,True,False,False,False,False,False,False,False,False,False
All Quiet on the Western Front,1930,1.0366592887938095,0.18412699806337648,Lewis Milestone,Lew Ayres,-0.6612743734044776,-0.6218984561742984,10.0,False,False,False,False,False,True,False,False,False,False,False,False,False
Bronenosets Potemkin,1925,-1.7055429592093285,0.18412699806337648,Sergei M. Eisenstein,Aleksandr Antonov,-0.674305800732005,-0.637912699973549,10.0,False,False,False,False,False,True,False,False,False,False,False,False,False
Knives Out,2019,0.25317293222148435,-0.17904262336339416,Rian Johnson,Daniel Craig,0.5516660662966671,0.18447638030558527,10.0,False,False,False,True,False,False,False,False,False,False,False,False,False
Dil Bechara,2020,-0.7796045378056715,-0.17904262336339416,Mukesh Chhabra,Sushant Singh Rajput,-0.4957532420585865,0.49923373211626426,10.0,False,False,False,True,False,False,False,False,False,False,False,False,False
Manbiki kazoku,2018,-0.06734421364901232,-0.17904262336339416,Hirokazu Koreeda,Lily Franky,-0.6446611372524048,-0.6216819848178845,10.0,False,False,False,False,True,False,False,False,False,False,False,False,False
Marriage Story,2019,0.5024640456763151,-0.17904262336339416,Noah Baumbach,Adam Driver,-0.08266555299841807,-0.6282165363490865,10.0,False,False,False,True,False,False,False,False,False,False,False,False,False
Call Me by Your Name,2017,0.32439896463715023,-0.17904262336339416,Luca Guadagnino,Armie Hammer,-0.18655328966460857,-0.5481425762015131,10.0,False,False,False,False,False,True,False,False,False,False,False,False,False
"I, Daniel Blake",2016,-0.8152175540135045,-0.17904262336339416,Ken Loach,Laura Obiols,-0.6719709014641272,-0.6368819176301981,10.0,False,False,False,False,False,True,False,False,False,False,False,False,False
Isle of Dogs,2018,-0.7796045378056715,-0.17904262336339416,Wes Anderson,Bryan Cranston,-0.41129345649959376,-0.4788947757799625,10.0,False,True,False,False,False,False,False,False,False,False,False,False,False
Hunt for the Wilderpeople,2016,-0.7796045378056715,-0.17904262336339416,Taika Waititi,Sam Neill,-0.49573796130421555,-0.6122841191503987,10.0,True,False,False,False,False,False,False,False,False,False,False,False,False
Captain Fantastic,2016,-0.1741832622725112,-0.17904262336339416,Matt Ross,Viggo Mortensen,-0.25761185364029754,-0.6089388996673659,10.0,False,False,False,True,False,False,False,False,False,False,False,False,False
Sing Street,2016,-0.6015394567665068,-0.17904262336339416,John Carney,Ferdia Walsh-Peelo,-0.5763408844599861,-0.6220620397272963,10.0,False,False,False,True,False,False,False,False,False,False,False,False,False
Thor: Ragnarok,2017,0.25317293222148435,-0.17904262336339416,Taika Waititi,Chris Hemsworth,0.9598822508633837,0.929206589071392,10.0,False,False,False,False,False,False,False,False,False,False,False,False,False
Nightcrawler,2014,-0.20979627848034416,-0.17904262336339416,Dan Gilroy,Jake Gyllenhaal,0.5881290023765754,-0.47707403939497806,10.0,False,False,False,False,True,False,False,False,False,False,False,False,False
Jojo Rabbit,2019,-0.5303134243508408,-0.17904262336339416,Taika Waititi,Roman Griffin Davis,0.07403552692457346,-0.6364272795255261,10.0,False,False,False,True,False,False,False,False,False,False,False,False,False
Arrival,2016,-0.24540929468817713,-0.17904262336339416,Denis Villeneuve,Amy Adams,0.9794599533634166,-0.13796267247678728,10.0,False,False,False,False,False,True,False,False,False,False,False,False,False
Star Wars: Episode VII - The Force Awakens,2015,0.5380770618841481,-0.17904262336339416,J.J. Abrams,Daisy Ridley,1.7943581347580084,4.021603049395722,10.0,False,False,False,False,False,False,False,False,False,False,False,False,False
Before Midnight,2013,-0.49470040814300786,-0.17904262336339416,Richard Linklater,Ethan Hawke,-0.4041328950013769,-0.5977970846759176,10.0,False,False,False,False,False,True,False,False,False,False,False,False,False
X-Men: Days of Future Past,2014,0.32439896463715023,-0.17904262336339416,Bryan Singer,Patrick Stewart,1.1798884399942555,0.5255620826051357,10.0,False,False,False,False,False,False,False,False,False,False,False,False,False
Bir Zamanlar Anadolu'da,2011,1.2147243698329742,-0.17904262336339416,Nuri Bilge Ceylan,Muhammet Uzuner,-0.7081037732496233,-0.6374761057088724,10.0,False,False,False,False,True,False,False,False,False,False,False,False,False
The Artist,2011,-0.8152175540135045,-0.17904262336339416,Michel Hazanavicius,Jean Dujardin,-0.1316250900028711,-0.4159306244836806,10.0,False,False,False,True,False,False,False,False,False,False,False,False,False
Edge of Tomorrow,2014,-0.352248343311676,-0.17904262336339416,Doug Liman,Tom Cruise,0.9972559199037992,-0.13965354495241525,10.0,False,False,False,False,False,False,False,False,False,False,False,False,False
Amour,2012,0.14633388359798544,-0.17904262336339416,Michael Haneke,Jean-Louis Trintignant,-0.551949744333111,-0.6046381974169864,10.0,False,False,False,False,False,True,False,False,False,False,False,False,False
The Irishman,2019,3.0666012126402884,-0.17904262336339416,Martin Scorsese,Robert De Niro,0.15594648265449543,-0.6033422049522826,10.0,False,False,True,False,False,False,False,False,False,False,False,False,False
Un prophète,2009,1.1434983374173084,-0.17904262336339416,Jacques Audiard,Tahar Rahim,-0.5505133534222437,-0.6277954785918003,10.0,False,False,False,False,True,False,False,False,False,False,False,False,False
Moon,2009,-0.9220566026370034,-0.17904262336339416,Duncan Jones,Sam Rockwell,0.18782824857399943,-0.6132437957300189,10.0,False,False,False,False,False,True,False,False,False,False,False,False,False
Låt den rätte komma in,2008,-0.31663532710384307,-0.17904262336339416,Tomas Alfredson,Kåre Hedebrant,-0.20807470412062345,-0.6276092792966964,10.0,False,False,False,False,True,False,False,False,False,False,False,False,False
District 9,2009,-0.38786135951950895,-0.17904262336339416,Neill Blomkamp,Sharlto Copley,1.1139947709959401,-0.06284171407127684,10.0,False,False,False,False,False,False,False,False,False,False,False,False,False
The Wrestler,2008,-0.49470040814300786,-0.17904262336339416,Darren Aronofsky,Mickey Rourke,0.048049076041373456,-0.5076426773581325,10.0,False,False,False,False,False,True,False,False,False,False,False,False,False
Jab We Met,2007,0.5380770618841481,-0.17904262336339416,Imtiaz Ali,Shahid Kapoor,-0.6906073094949108,-0.6361225938402466,10.0,False,False,False,True,False,False,False,False,False,False,False,False,False
Boyhood,2014,1.499628499495638,-0.17904262336339416,Richard Linklater,Ellar Coltrane,0.18899264205706415,-0.5119042871092887,10.0,False,False,False,False,False,True,False,False,False,False,False,False,False
"4 luni, 3 saptamâni si 2 zile",2007,-0.352248343311676,-0.17904262336339416,Cristian Mungiu,Anamaria Marinca,-0.6633922859602882,-0.6322671570464689,10.0,False,False,False,False,False,True,False,False,False,False,False,False,False
Star Trek,2009,0.14633388359798544,-0.17904262336339416,J.J. Abrams,Chris Pine,0.9279790918877605,0.6440061117943024,10.0,False,False,False,False,False,False,False,False,False,False,False,False,False
In Bruges,2008,-0.5659264405586738,-0.17904262336339416,Martin McDonagh,Colin Farrell,0.35647276611330825,-0.5995755844461903,10.0,False,False,False,True,False,False,False,False,False,False,False,False,False
The Man from Earth,2007,-1.2781867647153329,-0.17904262336339416,Richard Schenkman,David Lee Smith,-0.30429455824348234,3.5903077535867496,10.0,False,False,False,False,False,True,False,False,False,False,False,False,False
Letters from Iwo Jima,2006,0.6449161105076469,-0.17904262336339416,Clint Eastwood,Ken Watanabe,-0.3657659769268511,-0.5697316004298865,10.0,False,False,False,False,False,False,False,False,False,False,False,False,False
The Fall,2006,-0.20979627848034416,-0.17904262336339416,Tarsem Singh,Lee Pace,-0.5085524019196757,-0.6268218425374003,10.0,True,False,False,False,False,False,False,False,False,False,False,False,False
Life of Pi,2012,0.14633388359798544,-0.17904262336339416,Ang Lee,Suraj Sharma,0.9382844326355142,-0.01637254282741911,10.0,True,False,False,False,False,False,False,False,False,False,False,False,False
Fantastic Mr. Fox,2009,-1.2781867647153329,-0.17904262336339416,Wes Anderson,George Clooney,-0.2261457242396828,-0.5336795554065624,10.0,False,True,False,False,False,False,False,False,False,False,False,False,False
C.R.A.Z.Y.,2005,0.21755991601365138,-0.17904262336339416,Jean-Marc Vallée,Michel Côté,-0.7402514242951814,1.9849950231525975,10.0,False,False,False,True,False,False,False,False,False,False,False,False,False
Les choristes,2004,-0.9220566026370034,-0.17904262336339416,Christophe Barratier,Gérard Jugnot,-0.6609320845065688,-0.6200818141042619,10.0,False,False,False,False,False,True,False,False,False,False,False,False,False
Iron Man,2008,0.11072086739015248,-0.17904262336339416,Jon Favreau,Robert Downey Jr.,2.03524700281219,0.9458913552975075,10.0,False,False,False,False,False,False,False,False,False,False,False,False,False
Shaun of the Dead,2004,-0.8508305702213375,-0.17904262336339416,Edgar Wright,Simon Pegg,0.7290633999396435,-0.5707922817195764,10.0,False,False,False,True,False,False,False,False,False,False,False,False,False
Gegen die Wand,2004,-0.06734421364901232,-0.17904262336339416,Fatih Akin,Birol Ünel,-0.6795898855934718,0.42179742119567654,10.0,False,False,False,False,False,True,False,False,False,False,False,False,False
Mystic River,2003,0.5380770618841481,-0.17904262336339416,Clint Eastwood,Sean Penn,0.4453639704398701,-0.18975574661816572,10.0,False,False,False,False,True,False,False,False,False,False,False,False,False
Harry Potter and the Prisoner of Azkaban,2004,0.6805291267154798,-0.17904262336339416,Alfonso Cuarón,Daniel Radcliffe,0.8520551357203681,0.6023600535088198,10.0,True,False,False,False,False,False,False,False,False,False,False,False,False
Ying xiong,2002,-0.10295722985684527,-0.17904262336339416,Yimou Zhang,Jet Li,-0.3046796332536297,-0.3709661065208818,10.0,False,False,False,False,False,False,False,False,False,False,False,False,False
Hable con ella,2002,-0.38786135951950895,-0.17904262336339416,Pedro Almodóvar,Rosario Flores,-0.516495338041684,-0.5919782920306587,10.0,False,False,False,False,False,True,False,False,False,False,False,False,False
No Man's Land,2001,-0.8864435864291704,-0.17904262336339416,Danis Tanovic,Branko Djuric,-0.7000874895066345,-0.6328937563789532,10.0,False,False,False,True,False,False,False,False,False,False,False,False,False
Cowboy Bebop: Tengoku no tobira,2001,-0.2810223108960101,-0.17904262336339416,Shin'ichirô Watanabe,Tensai Okamura,-0.7053471251611079,-0.6331911787594647,10.0,False,True,False,False,False,False,False,False,False,False,False,False,False
The Bourne Identity,2002,-0.13857024606467824,-0.17904262336339416,Doug Liman,Franka Potente,0.7184341071992261,-0.03291566466082865,10.0,False,False,False,False,False,False,False,False,False,False,False,False,False
Nueve reinas,2000,-0.31663532710384307,-0.17904262336339416,Fabián Bielinsky,Ricardo Darín,-0.6844919515956654,-0.6320906587406097,10.0,False,False,False,False,True,False,False,False,False,False,False,False,False
Children of Men,2006,-0.49470040814300786,-0.17904262336339416,Alfonso Cuarón,Julianne Moore,0.5850086723340319,-0.461297917570189,10.0,True,False,False,False,False,False,False,False,False,False,False,False,False
Almost Famous,2000,-0.03173119744117936,-0.17904262336339416,Cameron Crowe,Billy Crudup,-0.06450590450400735,-0.4763097407387473,10.0,True,False,False,False,False,False,False,False,False,False,False,False,False
Mulholland Dr.,2001,0.8585942077546447,-0.17904262336339416,David Lynch,Naomi Watts,0.1477284929538104,-0.6022465254783175,10.0,False,False,False,False,False,True,False,False,False,False,False,False,False
Toy Story 2,1999,-1.1001216836761682,-0.17904262336339416,John Lasseter,Ash Brannon,0.775709430732338,0.5849154461066599,10.0,False,True,False,False,False,False,False,False,False,False,False,False,False
Boogie Nights,1997,1.1434983374173084,-0.17904262336339416,Paul Thomas Anderson,Mark Wahlberg,-0.10458121091720289,-0.506826615218265,10.0,False,False,False,False,False,True,False,False,False,False,False,False,False
Mimi wo sumaseba,1995,-0.4234743757273419,-0.17904262336339416,Yoshifumi Kondô,Yoko Honna,-0.6777011843532251,0.6167116621734442,10.0,False,True,False,False,False,False,False,False,False,False,False,False,False
Once Were Warriors,1994,-0.7439915215978385,-0.17904262336339416,Lee Tamahori,Rena Owen,-0.7399030230955242,-0.6272159613937838,10.0,False,False,False,False,True,False,False,False,False,False,False,False,False
True Romance,1993,-0.13857024606467824,-0.17904262336339416,Tony Scott,Christian Slater,-0.2040742026263145,-0.5770674486978388,10.0,False,False,False,False,True,False,False,False,False,False,False,False,False
Trois couleurs: Bleu,1993,-1.0288956512605023,-0.17904262336339416,Krzysztof Kieslowski,Juliette Binoche,-0.5618944592777109,-0.6315747004341783,10.0,False,False,False,False,False,True,False,False,False,False,False,False,False
Jûbê ninpûchô,1993,-1.0288956512605023,-0.17904262336339416,Yoshiaki Kawajiri,Kôichi Yamadera,-0.7309209956762929,2.9117809210993095,10.0,False,True,False,False,False,False,False,False,False,False,False,False,False
Carlito's Way,1993,0.7517551591311458,-0.17904262336339416,Brian De Palma,Al Pacino,-0.22216050349974478,-0.4543533077110444,10.0,False,False,False,False,True,False,False,False,False,False,False,False,False
Edward Scissorhands,1990,-0.6371524729743396,-0.17904262336339416,Tim Burton,Johnny Depp,0.5307772750716088,-0.357771104517546,10.0,False,False,False,False,False,True,False,False,False,False,False,False,False
My Left Foot: The Story of Christy Brown,1989,-0.7083785053900056,-0.17904262336339416,Jim Sheridan,Daniel Day-Lewis,-0.6283963022999891,-0.564819870178477,10.0,False,False,True,False,False,False,False,False,False,False,False,False,False
Crimes and Misdemeanors,1989,-0.6727654891821726,-0.17904262336339416,Woody Allen,Martin Landau,-0.6693670609193211,-0.5473515674882284,10.0,False,False,False,True,False,False,False,False,False,False,False,False,False
The Untouchables,1987,-0.13857024606467824,-0.17904262336339416,Brian De Palma,Kevin Costner,0.024904845471166046,-0.25873095919167133,10.0,False,False,False,False,True,False,False,False,False,False,False,False,False
Hannah and Her Sisters,1986,-0.5659264405586738,-0.17904262336339416,Woody Allen,Mia Farrow,-0.6311468380867561,-0.43875352499639353,10.0,False,False,False,True,False,False,False,False,False,False,False,False,False
Brazil,1985,0.32439896463715023,-0.17904262336339416,Terry Gilliam,Jonathan Pryce,-0.2632137781926797,-0.5887701500130873,10.0,False,False,False,False,False,True,False,False,False,False,False,False,False
This Is Spinal Tap,1984,-1.4562518457544977,-0.17904262336339416,Rob Reiner,Rob Reiner,-0.4427779228054536,-0.6372272579227124,10.0,False,False,False,True,False,False,False,False,False,False,False,False,False
A Christmas Story,1983,-1.0645086674683353,-0.17904262336339416,Bob Clark,Peter Billingsley,-0.4301407389406962,-0.535658109474527,10.0,False,False,False,True,False,False,False,False,False,False,False,False,False
The Blues Brothers,1980,0.3600119808449832,-0.17904262336339416,John Landis,John Belushi,-0.27661499977598347,-0.3534552189752819,10.0,False,False,False,False,False,False,False,False,False,False,False,False,False
Manhattan,1979,-0.9576696188448364,-0.17904262336339416,Woody Allen,Woody Allen,-0.43475858291159064,-0.4108148799410209,10.0,False,False,False,True,False,False,False,False,False,False,False,False,False
All That Jazz,1979,0.0038818187666536026,-0.17904262336339416,Bob Fosse,Roy Scheider,-0.7501930830889071,-0.44999853861394085,10.0,False,False,False,False,False,True,False,False,False,False,False,False,False
Dawn of the Dead,1978,0.14633388359798544,-0.17904262336339416,George A. Romero,David Emge,-0.49564933292886415,-0.6127944508830682,10.0,False,False,False,False,False,False,False,False,False,False,False,False,False
All the President's Men,1976,0.5380770618841481,-0.17904262336339416,Alan J. Pakula,Dustin Hoffman,-0.5215685484928321,-0.2869407095849377,10.0,False,False,True,False,False,False,False,False,False,False,False,False,False
La montaña sagrada,1973,-0.31663532710384307,-0.17904262336339416,Alejandro Jodorowsky,Alejandro Jodorowsky,-0.7228099712562043,-0.6378627970899008,10.0,True,False,False,False,False,False,False,False,False,False,False,False,False
Amarcord,1973,0.0038818187666536026,-0.17904262336339416,Federico Fellini,Magali Noël,-0.7145155777836646,3.7539504079960895,10.0,False,False,False,True,False,False,False,False,False,False,False,False,False
Le charme discret de la bourgeoisie,1972,-0.7439915215978385,-0.17904262336339416,Luis Buñuel,Fernando Rey,-0.7180607127977199,-0.6371772207176747,10.0,False,False,False,True,False,False,False,False,False,False,False,False,False
"Aguirre, der Zorn Gottes",1972,-0.9932826350526693,-0.17904262336339416,Werner Herzog,Klaus Kinski,-0.6763136918563448,1.8892992267081568,10.0,False,False,False,False,False,False,False,False,False,False,False,False,False
Harold and Maude,1971,-1.1357346998840012,-0.17904262336339416,Hal Ashby,Ruth Gordon,-0.6199918873959788,3.366279898660884,10.0,False,False,False,True,False,False,False,False,False,False,False,False,False
Patton,1970,1.7489196129504687,-0.17904262336339416,Franklin J. Schaffner,George C. Scott,-0.5499601901140162,-0.3312170194712486,10.0,False,False,True,False,False,False,False,False,False,False,False,False,False
The Wild Bunch,1969,0.7873681753389787,-0.17904262336339416,Sam Peckinpah,William Holden,-0.5998976953982086,-0.5781471339767159,10.0,False,False,False,False,False,False,False,False,False,False,False,False,False
Night of the Living Dead,1968,-0.9576696188448364,-0.17904262336339416,George A. Romero,Duane Jones,-0.4802310517685979,-0.6377233615378228,10.0,False,False,False,False,False,False,False,False,False,True,False,False,False
The Lion in Winter,1968,0.3956249970528162,-0.17904262336339416,Anthony Harvey,Peter O'Toole,-0.7478092854070424,-0.5273412971741451,10.0,False,False,True,False,False,False,False,False,False,False,False,False,False
In the Heat of the Night,1967,-0.4590873919351749,-0.17904262336339416,Norman Jewison,Sidney Poitier,-0.6292275753377676,-0.5168791384640506,10.0,False,False,False,False,True,False,False,False,False,False,False,False,False
Charade,1963,-0.352248343311676,-0.17904262336339416,Stanley Donen,Cary Grant,-0.6265228818141133,-0.5711319954383288,10.0,False,False,False,True,False,False,False,False,False,False,False,False,False
The Manchurian Candidate,1962,0.11072086739015248,-0.17904262336339416,John Frankenheimer,Frank Sinatra,-0.6190872667372198,0.5497623395205513,10.0,False,False,False,False,False,True,False,False,False,False,False,False,False
Spartacus,1960,2.6392450181462928,-0.17904262336339416,Stanley Kubrick,Kirk Douglas,-0.45644808566568573,-0.488920280526985,10.0,True,False,False,False,False,False,False,False,False,False,False,False,False
L'avventura,1960,0.7517551591311458,-0.17904262336339416,Michelangelo Antonioni,Gabriele Ferzetti,-0.7553304727084131,3.7041897010512193,10.0,False,False,False,False,False,True,False,False,False,False,False,False,False
Hiroshima mon amour,1959,-1.1713477160918342,-0.17904262336339416,Alain Resnais,Emmanuelle Riva,-0.7495879652158184,-0.6377269882153405,10.0,False,False,False,False,False,True,False,False,False,False,False,False,False
The Ten Commandments,1956,3.4583443909264506,-0.17904262336339416,Cecil B. DeMille,Charlton Heston,-0.6421978796478112,-0.17182230388052952,10.0,True,False,False,False,False,False,False,False,False,False,False,False,False
The Searchers,1956,-0.13857024606467824,-0.17904262336339416,John Ford,John Wayne,-0.5909890155999576,2.0427204263374623,10.0,True,False,False,False,False,False,False,False,False,False,False,False,False
East of Eden,1955,-0.1741832622725112,-0.17904262336339416,Elia Kazan,James Dean,-0.7132442190200035,1.7177856771625195,10.0,False,False,False,False,False,True,False,False,False,False,False,False,False
High Noon,1952,-1.3494127971309988,-0.17904262336339416,Fred Zinnemann,Gary Cooper,-0.5393217289209762,-0.5911537825678488,10.0,False,False,False,False,False,True,False,False,False,False,False,False,False
Strangers on a Train,1951,-0.7796045378056715,-0.17904262336339416,Alfred Hitchcock,Farley Granger,-0.4594981242381229,-0.6002080391962854,10.0,False,False,False,False,True,False,False,False,False,False,False,False,False
Harvey,1950,-0.6727654891821726,-0.17904262336339416,Henry Koster,James Stewart,-0.6757758093024882,3.7733109955981523,10.0,False,False,False,True,False,False,False,False,False,False,False,False,False
Miracle on 34th Street,1947,-0.9576696188448364,-0.17904262336339416,George Seaton,Edmund Gwenn,-0.7092345490730719,-0.624982873267502,10.0,False,False,False,True,False,False,False,False,False,False,False,False,False
Notorious,1946,-0.7439915215978385,-0.17904262336339416,Alfred Hitchcock,Cary Grant,-0.5543457666184725,-0.586109268160577,10.0,False,False,False,False,False,True,False,False,False,False,False,False,False
The Big Sleep,1946,-0.31663532710384307,-0.17904262336339416,Howard Hawks,Humphrey Bogart,-0.5956343649287197,-0.6056306434407887,10.0,False,False,False,False,True,False,False,False,False,False,False,False,False
The Lost Weekend,1945,-0.7796045378056715,-0.17904262336339416,Billy Wilder,Ray Milland,-0.7339160235329947,-0.5911040339050552,10.0,False,False,False,False,False,True,False,False,False,False,False,False,False
The Philadelphia Story,1940,-0.38786135951950895,-0.17904262336339416,George Cukor,Cary Grant,-0.6422284411565531,1.6671836407319491,10.0,False,False,False,True,False,False,False,False,False,False,False,False,False
His Girl Friday,1940,-1.1001216836761682,-0.17904262336339416,Howard Hawks,Cary Grant,-0.6724323802461292,-0.6366937084891173,10.0,False,False,False,True,False,False,False,False,False,False,False,False,False
The Adventures of Robin Hood,1938,-0.7439915215978385,-0.17904262336339416,Michael Curtiz,William Keighley,-0.692272911721342,-0.6183613262496729,10.0,False,False,False,False,False,False,False,False,False,False,False,False,False
A Night at the Opera,1935,-0.9576696188448364,-0.17904262336339416,Sam Wood,Edmund Goulding,-0.7429897354784517,-0.6255424462266045,10.0,False,False,False,True,False,False,False,False,False,False,False,False,False
King Kong,1933,-0.8152175540135045,-0.17904262336339416,Merian C. Cooper,Ernest B. Schoedsack,-0.5950384155082535,-0.5884176061142004,10.0,True,False,False,False,False,False,False,False,False,False,False,False,False
Freaks,1932,-2.097286137495491,-0.17904262336339416,Tod Browning,Wallace Ford,-0.7077309228429727,1.1312199841292727,10.0,False,False,False,False,False,True,False,False,False,False,False,False,False
Nosferatu,1922,-1.0288956512605023,-0.17904262336339416,F.W. Murnau,Max Schreck,-0.5650789684886123,1.576405295635139,10.0,False,False,False,False,False,False,False,True,False,False,False,False,False
The Gentlemen,2019,-0.352248343311676,-0.542212244790168,Guy Ritchie,Matthew McConaughey,-0.11094106088638309,0.2543919968267447,10.0,False,False,False,False,False,False,False,False,False,False,False,False,False
Raazi,2018,0.5380770618841481,-0.542212244790168,Meghna Gulzar,Alia Bhatt,-0.7589917414556874,3.823842324254294,10.0,False,False,False,False,False,False,False,False,False,False,False,False,False
Sound of Metal,2019,-0.10295722985684527,-0.542212244790168,Darius Marder,Riz Ahmed,-0.7533592553945634,0.34048810722847855,10.0,False,False,False,False,False,True,False,False,False,False,False,False,False
Forushande,2016,0.03949483497448656,-0.542212244790168,Asghar Farhadi,Shahab Hosseini,-0.6798496584177776,-0.6262163067887427,10.0,False,False,False,False,False,True,False,False,False,False,False,False,False
Dunkirk,2017,-0.6015394567665068,-0.542212244790168,Christopher Nolan,Fionn Whitehead,0.8599980718423764,0.2989650176876892,10.0,False,False,False,False,False,False,False,False,False,False,False,False,False
Perfetti sconosciuti,2016,-0.9576696188448364,-0.542212244790168,Paolo Genovese,Giuseppe Battiston,-0.6617327960356054,2.9929327357749695,10.0,False,False,False,True,False,False,False,False,False,False,False,False,False
Hidden Figures,2016,0.14633388359798544,-0.542212244790168,Theodore Melfi,Taraji P. Henson,-0.2225394662081438,0.20560730392235618,10.0,False,False,True,False,False,False,False,False,False,False,False,False,False
Paddington 2,2017,-0.7083785053900056,-0.542212244790168,Paul King,Ben Whishaw,-0.6482062722664601,-0.4369724681448533,10.0,True,False,False,False,False,False,False,False,False,False,False,False,False
Udta Punjab,2016,0.8942072239624776,-0.542212244790168,Abhishek Chaubey,Shahid Kapoor,-0.7533959292050536,0.4484853301448888,10.0,False,False,False,False,False,False,False,False,False,False,False,False,False
Kubo and the Two Strings,2016,-0.7796045378056715,-0.542212244790168,Travis Knight,Charlize Theron,-0.4757140607765516,-0.39925782778583324,10.0,False,True,False,False,False,False,False,False,False,False,False,False,False
M.S. Dhoni: The Untold Story,2016,2.176275807444464,-0.542212244790168,Neeraj Pandey,Sushant Singh Rajput,-0.7129294354799623,-0.6292971021792951,10.0,False,False,True,False,False,False,False,False,False,False,False,False,False
Manchester by the Sea,2016,0.5024640456763151,-0.542212244790168,Kenneth Lonergan,Casey Affleck,-0.08169064086955288,-0.40088942472974265,10.0,False,False,False,False,False,True,False,False,False,False,False,False,False
Under sandet,2015,-0.8152175540135045,-0.542212244790168,Martin Zandvliet,Roland Møller,-0.7278342832933654,-0.6360008787618558,10.0,False,False,False,False,False,True,False,False,False,False,False,False,False
Rogue One,2016,0.3600119808449832,-0.542212244790168,Gareth Edwards,Felicity Jones,0.8646311965676418,2.009344754900243,10.0,False,False,False,False,False,False,False,False,False,False,False,False,False
Captain America: Civil War,2016,0.8585942077546447,-0.542212244790168,Anthony Russo,Joe Russo,1.1917646422913406,1.3919987980671837,10.0,False,False,False,False,False,False,False,False,False,False,False,False,False
The Hateful Eight,2015,1.6064675481191368,-0.542212244790168,Quentin Tarantino,Samuel L. Jackson,0.7437634856444761,-0.36893936092326907,10.0,False,False,False,False,True,False,False,False,False,False,False,False,False
Little Women,2019,0.43123801326064914,-0.542212244790168,Greta Gerwig,Saoirse Ronan,-0.3986532164839622,-0.10037718462124572,10.0,False,False,False,False,False,True,False,False,False,False,False,False,False
Loving Vincent,2017,-1.0288956512605023,-0.542212244790168,Dorota Kobiela,Hugh Welchman,-0.6812616001216513,-0.6046599574820923,10.0,False,True,False,False,False,False,False,False,False,False,False,False,False
Pride,2014,-0.13857024606467824,-0.542212244790168,Matthew Warchus,Bill Nighy,-0.6780129117423921,2.2189281353326478,10.0,False,False,True,False,False,False,False,False,False,False,False,False,False
Le passé,2013,0.25317293222148435,-0.542212244790168,Asghar Farhadi,Bérénice Bejo,-0.6989139275709473,-0.6315467317359558,10.0,False,False,False,False,False,True,False,False,False,False,False,False,False
La grande bellezza,2013,0.6449161105076469,-0.542212244790168,Paolo Sorrentino,Toni Servillo,-0.5885165895427414,-0.6239759603325594,10.0,False,False,False,False,False,True,False,False,False,False,False,False,False
The Lunchbox,2013,-0.6727654891821726,-0.542212244790168,Ritesh Batra,Irrfan Khan,-0.6820409185945686,-0.617115122246693,10.0,False,False,False,False,False,True,False,False,False,False,False,False,False
Vicky Donor,2012,0.11072086739015248,-0.542212244790168,Shoojit Sircar,Ayushmann Khurrana,-0.7150870779971373,-0.6373244767595437,10.0,False,False,False,True,False,False,False,False,False,False,False,False,False
Big Hero 6,2014,-0.7439915215978385,-0.542212244790168,Don Hall,Chris Williams,0.4195792255143663,0.46887991882878527,10.0,False,True,False,False,False,False,False,False,False,False,False,False,False
About Time,2013,0.0038818187666536026,-0.542212244790168,Richard Curtis,Domhnall Gleeson,0.08966468249515853,-0.5619367859235991,10.0,False,False,False,True,False,False,False,False,False,False,False,False,False
English Vinglish,2012,0.3956249970528162,-0.542212244790168,Gauri Shinde,Sridevi,-0.7337051491226759,-0.6298543966496416,10.0,False,False,False,True,False,False,False,False,False,False,False,False,False
Kaze tachinu,2013,0.11072086739015248,-0.542212244790168,Hayao Miyazaki,Hideaki Anno,-0.6112390712923113,-0.6122493050361758,10.0,False,True,False,False,False,False,False,False,False,False,False,False,False
Toy Story 4,2019,-0.8152175540135045,-0.542212244790168,Josh Cooley,Tom Hanks,-0.21550726304664278,1.5211147810523118,10.0,False,True,False,False,False,False,False,False,False,False,False,False,False
La migliore offerta,2013,0.28878594842931726,-0.542212244790168,Giuseppe Tornatore,Geoffrey Rush,-0.5051631306002039,-0.6377412511569635,10.0,False,False,False,False,True,False,False,False,False,False,False,False,False
Moonrise Kingdom,2012,-1.0288956512605023,-0.542212244790168,Wes Anderson,Jared Gilman,0.13782045181970076,-0.41174783651385455,10.0,False,False,False,True,False,False,False,False,False,False,False,False,False
How to Train Your Dragon 2,2014,-0.7439915215978385,-0.542212244790168,Dean DeBlois,Jay Baruchel,0.09754649559968315,0.24239960904804903,10.0,False,True,False,False,False,False,False,False,False,False,False,False,False
The Big Short,2015,0.25317293222148435,-0.542212244790168,Adam McKay,Christian Bale,0.2727586813676168,-0.2886328108525367,10.0,False,False,True,False,False,False,False,False,False,False,False,False,False
Kokuhaku,2010,-0.6015394567665068,-0.542212244790168,Tetsuya Nakashima,Takako Matsu,-0.7273025130412571,-0.5461302776155756,10.0,False,False,False,False,False,True,False,False,False,False,False,False,False
Ang-ma-reul bo-at-da,2010,0.7517551591311458,-0.542212244790168,Jee-woon Kim,Lee Byung-Hun,-0.4964439321561524,-0.6375275358764684,10.0,False,False,False,False,False,False,False,False,False,False,False,False,False
The Girl with the Dragon Tattoo,2011,1.2503373860408071,-0.542212244790168,David Fincher,Daniel Craig,0.4563355520781963,-0.12816390721017923,10.0,False,False,False,False,True,False,False,False,False,False,False,False,False
Captain Phillips,2013,0.3956249970528162,-0.542212244790168,Paul Greengrass,Tom Hanks,0.4509383896343846,-0.10535383687760078,10.0,True,False,False,False,False,False,False,False,False,False,False,False,False
Ajeossi,2010,-0.13857024606467824,-0.542212244790168,Jeong-beom Lee,Won Bin,-0.6443738590702314,-0.6381341312716434,10.0,False,False,False,False,False,False,False,False,False,False,False,False,False
Straight Outta Compton,2015,0.8585942077546447,-0.542212244790168,F. Gary Gray,O'Shea Jackson Jr.,-0.2885889989010426,0.16377115599633923,10.0,False,False,True,False,False,False,False,False,False,False,False,False,False
Madeo,2009,0.21755991601365138,-0.542212244790168,Bong Joon Ho,Hye-ja Kim,-0.6752104213907638,-0.6354435643920442,10.0,False,False,False,False,True,False,False,False,False,False,False,False,False
Chugyeokja,2008,0.07510785118231952,-0.542212244790168,Hong-jin Na,Kim Yoon-seok,-0.6577597998991642,1.1993804429527422,10.0,False,False,False,False,False,False,False,False,False,False,False,False,False
The Hobbit: The Desolation of Smaug,2013,1.357176434664306,-0.542212244790168,Peter Jackson,Ian McKellen,1.0015467557311557,0.6471742857361854,10.0,True,False,False,False,False,False,False,False,False,False,False,False,False
Das weiße Band - Eine deutsche Kindergeschichte,2009,0.7517551591311458,-0.542212244790168,Michael Haneke,Christian Friedel,-0.6264434218913846,-0.6271088972965857,10.0,False,False,False,False,False,True,False,False,False,False,False,False,False
Män som hatar kvinnor,2009,1.0366592887938095,-0.542212244790168,Niels Arden Oplev,Michael Nyqvist,-0.19772963341150523,-0.5879441480903936,10.0,False,False,False,False,True,False,False,False,False,False,False,False,False
The Trial of the Chicago 7,2020,0.21755991601365138,-0.542212244790168,Aaron Sorkin,Eddie Redmayne,-0.5617110902252597,3.605844445047246,10.0,False,False,False,False,False,True,False,False,False,False,False,False,False
Druk,2020,-0.20979627848034416,-0.542212244790168,Thomas Vinterberg,Mads Mikkelsen,-0.7327485738990558,1.102621428036809,10.0,False,False,False,True,False,False,False,False,False,False,False,False,False
The Fighter,2010,-0.24540929468817713,-0.542212244790168,David O. Russell,Mark Wahlberg,0.2044292601225755,-0.17243416765909436,10.0,False,False,True,False,False,False,False,False,False,False,False,False,False
Taken,2008,-1.1713477160918342,-0.542212244790168,Pierre Morel,Liam Neeson,0.8896396791711023,0.08319426174225383,10.0,False,False,False,False,False,False,False,False,False,False,False,False,False
The Boy in the Striped Pyjamas,2008,-1.0288956512605023,-0.542212244790168,Mark Herman,Asa Butterfield,-0.25349216226189536,-0.593240336007872,10.0,False,False,False,False,False,True,False,False,False,False,False,False,False
Once,2007,-1.3137997809231658,-0.542212244790168,John Carney,Glen Hansard,-0.498265398077167,-0.5912039142953459,10.0,False,False,False,False,False,True,False,False,False,False,False,False,False
The Hobbit: An Unexpected Journey,2012,1.6420805643269698,-0.542212244790168,Peter Jackson,Martin Freeman,1.4782115514270069,0.8692359640613898,10.0,True,False,False,False,False,False,False,False,False,False,False,False,False
Auf der anderen Seite,2007,-0.03173119744117936,-0.542212244790168,Fatih Akin,Baki Davrak,-0.7422348662125279,-0.6344784851076447,10.0,False,False,False,False,False,True,False,False,False,False,False,False,False
Atonement,2007,0.0038818187666536026,-0.542212244790168,Joe Wright,Keira Knightley,-0.06822218396701701,-0.38481092058276145,10.0,False,False,False,False,False,True,False,False,False,False,False,False,False
Drive,2011,-0.8152175540135045,-0.542212244790168,Nicolas Winding Refn,Ryan Gosling,0.9103603820980806,-0.4637397212363551,10.0,False,False,False,False,True,False,False,False,False,False,False,False,False
American Gangster,2007,1.2147243698329742,-0.542212244790168,Ridley Scott,Denzel Washington,0.36293652521221076,0.009385434267657358,10.0,False,False,True,False,False,False,False,False,False,False,False,False,False
Avatar,2009,1.392789450872139,-0.542212244790168,James Cameron,Sam Worthington,2.5833798867008713,3.1452574699014377,10.0,False,False,False,False,False,False,False,False,False,False,False,False,False
Mr. Nobody,2009,0.6449161105076469,-0.542212244790168,Jaco Van Dormael,Jared Leto,-0.17503160086892894,-0.6381483593892023,10.0,False,False,False,False,False,True,False,False,False,False,False,False,False
Apocalypto,2006,0.573690078091981,-0.542212244790168,Mel Gibson,Gerardo Taracena,0.052948085892692946,-0.38511156170175576,10.0,False,False,False,False,False,False,False,False,False,False,False,False,False
Little Miss Sunshine,2006,-0.7796045378056715,-0.542212244790168,Jonathan Dayton,Valerie Faris,0.5078194697047266,-0.3402160650337168,10.0,False,False,False,True,False,False,False,False,False,False,False,False,False
Hot Fuzz,2007,-0.06734421364901232,-0.542212244790168,Edgar Wright,Simon Pegg,0.5799751918442482,-0.5205740363229935,10.0,False,False,False,False,False,False,False,False,False,False,False,False,False
The Curious Case of Benjamin Button,2008,1.535241515703471,-0.542212244790168,David Fincher,Brad Pitt,0.9641150198241308,-0.003824422686388602,10.0,False,False,False,False,False,True,False,False,False,False,False,False,False
Veer-Zaara,2004,2.461179937107128,-0.542212244790168,Yash Chopra,Shah Rukh Khan,-0.686542628832244,-0.6236310130544811,10.0,False,False,False,False,False,True,False,False,False,False,False,False,False
Adams æbler,2005,-1.0288956512605023,-0.542212244790168,Anders Thomas Jensen,Ulrich Thomsen,-0.6967287796959045,-0.6381597767073135,10.0,False,False,False,True,False,False,False,False,False,False,False,False,False
Pride & Prejudice,2005,0.21755991601365138,-0.542212244790168,Joe Wright,Keira Knightley,-0.045136020263419126,-0.4471060916607251,10.0,False,False,False,False,False,True,False,False,False,False,False,False,False
The World's Fastest Indian,2005,0.14633388359798544,-0.542212244790168,Roger Donaldson,Anthony Hopkins,-0.6775881067708802,-0.6126545377438274,10.0,False,False,True,False,False,False,False,False,False,False,False,False,False
Tôkyô goddofâzâzu,2003,-1.1713477160918342,-0.542212244790168,Satoshi Kon,Shôgo Furuya,-0.7396952048360796,-0.6375245857807648,10.0,False,True,False,False,False,False,False,False,False,False,False,False,False
Serenity,2005,-0.13857024606467824,-0.542212244790168,Joss Whedon,Nathan Fillion,0.02939127495447048,-0.511234958650331,10.0,False,False,False,False,False,False,False,False,False,False,False,False,False
Walk the Line,2005,0.4668510294684821,-0.542212244790168,James Mangold,Joaquin Phoenix,-0.12067490142066416,-0.04357322616864392,10.0,False,False,True,False,False,False,False,False,False,False,False,False,False
Ondskan,2003,-0.352248343311676,-0.542212244790168,Mikael Håfström,Andreas Wilson,-0.7273972537183568,-0.6380902529510595,10.0,False,False,False,False,False,True,False,False,False,False,False,False,False
The Notebook,2004,0.0038818187666536026,-0.542212244790168,Nick Cassavetes,Gena Rowlands,0.7536195722137247,-0.2351932101935445,10.0,False,False,False,False,False,True,False,False,False,False,False,False,False
Diarios de motocicleta,2004,0.11072086739015248,-0.542212244790168,Walter Salles,Gael García Bernal,-0.5409078712246784,-0.5548055588805831,10.0,True,False,False,False,False,False,False,False,False,False,False,False,False
Lilja 4-ever,2002,-0.49470040814300786,-0.542212244790168,Lukas Moodysson,Oksana Akinshina,-0.7060317029569254,-0.6372625595738308,10.0,False,False,False,False,True,False,False,False,False,False,False,False,False
Les triplettes de Belleville,2003,-1.5274778781701637,-0.542212244790168,Sylvain Chomet,Michèle Caucheteux,-0.6817383596580243,-0.6033309866288227,10.0,False,True,False,False,False,False,False,False,False,False,False,False,False
Gongdong gyeongbi guyeok JSA,2000,-0.4590873919351749,-0.542212244790168,Chan-wook Park,Lee Yeong-ae,-0.7554038203293936,0.09394126637090573,10.0,False,False,False,False,False,False,False,False,False,False,False,False,False
The Count of Monte Cristo,2002,0.28878594842931726,-0.542212244790168,Kevin Reynolds,Jim Caviezel,-0.4421361311218746,-0.36835906267124674,10.0,False,False,False,False,False,False,False,False,False,False,False,False,False
Waking Life,2001,-0.8508305702213375,-0.542212244790168,Richard Linklater,Ethan Hawke,-0.6509873695619689,-0.6237789009043676,10.0,False,True,False,False,False,False,False,False,False,False,False,False,False
Remember the Titans,2000,-0.352248343311676,-0.542212244790168,Boaz Yakin,Denzel Washington,-0.23105695869449902,-0.0627993481100418,10.0,False,False,True,False,False,False,False,False,False,False,False,False,False
Wo hu cang long,2000,-0.10295722985684527,-0.542212244790168,Ang Lee,Yun-Fat Chow,-0.0625438556427802,-0.0009910074964437929,10.0,False,False,False,False,False,False,False,False,False,False,False,False,False
Todo sobre mi madre,1999,-0.7796045378056715,-0.542212244790168,Pedro Almodóvar,Cecilia Roth,-0.5642721446578273,-0.5970513372960427,10.0,False,False,False,False,False,True,False,False,False,False,False,False,False
Cast Away,2000,0.7161421429233128,-0.542212244790168,Robert Zemeckis,Tom Hanks,0.7656944243176319,0.524122396102819,10.0,True,False,False,False,False,False,False,False,False,False,False,False,False
The Boondock Saints,1999,-0.5303134243508408,-0.542212244790168,Troy Duffy,Willem Dafoe,-0.1422635511959111,-0.6380378576594052,10.0,False,False,False,False,False,False,False,False,False,False,False,False,False
The Insider,1999,1.2147243698329742,-0.542212244790168,Michael Mann,Russell Crowe,-0.34781109054101084,-0.49406828707746636,10.0,False,False,True,False,False,False,False,False,False,False,False,False,False
October Sky,1999,-0.5303134243508408,-0.542212244790168,Joe Johnston,Jake Gyllenhaal,-0.5832294485304004,-0.4765735330232104,10.0,False,False,True,False,False,False,False,False,False,False,False,False,False
Shrek,2001,-1.1713477160918342,-0.542212244790168,Andrew Adamson,Vicky Jenson,1.0398494946373238,0.6934313684808213,10.0,False,True,False,False,False,False,False,False,False,False,False,False,False
Titanic,1997,2.532405969522794,-0.542212244790168,James Cameron,Leonardo DiCaprio,2.3605589826148745,2.6418893262060514,10.0,False,False,False,False,False,True,False,False,False,False,False,False,False
Hana-bi,1997,-0.7083785053900056,-0.542212244790168,Takeshi Kitano,Takeshi Kitano,-0.7517547761856159,-0.6370022198465656,10.0,False,False,False,False,True,False,False,False,False,False,False,False,False
Gattaca,1997,-0.6015394567665068,-0.542212244790168,Andrew Niccol,Ethan Hawke,0.021857863049603018,-0.5767782447964207,10.0,False,False,False,False,False,True,False,False,False,False,False,False,False
The Game,1997,0.21755991601365138,-0.542212244790168,David Fincher,Michael Douglas,0.21821861286690086,-0.39776258197690856,10.0,False,False,False,False,False,False,False,False,False,False,False,False,False
Breaking the Waves,1996,1.28595040224864,-0.542212244790168,Lars von Trier,Emily Watson,-0.6456574424373893,-0.6180643715065915,10.0,False,False,False,False,False,True,False,False,False,False,False,False,False
Ed Wood,1994,0.14633388359798544,-0.542212244790168,Tim Burton,Johnny Depp,-0.33237447247549945,-0.6088769576073215,10.0,False,False,True,False,False,False,False,False,False,False,False,False,False
What's Eating Gilbert Grape,1993,-0.1741832622725112,-0.542212244790168,Lasse Hallström,Johnny Depp,-0.17927048213142432,-0.592545680504686,10.0,False,False,False,False,False,True,False,False,False,False,False,False,False
Tombstone,1993,0.25317293222148435,-0.542212244790168,George P. Cosmatos,Kevin Jarre,-0.44870991165224783,-0.3570611264262196,10.0,False,False,False,False,False,False,False,False,False,False,False,False,False
The Sandlot,1993,-0.7796045378056715,-0.542212244790168,David Mickey Evans,Tom Guiry,-0.5951239877327307,-0.47689808832440966,10.0,False,False,False,True,False,False,False,False,False,False,False,False,False
The Remains of the Day,1993,0.3956249970528162,-0.542212244790168,James Ivory,Anthony Hopkins,-0.6345422217079764,-0.5239683726608025,10.0,False,False,False,False,False,True,False,False,False,False,False,False,False
Naked,1993,0.32439896463715023,-0.542212244790168,Mike Leigh,David Thewlis,-0.7305970436836292,-0.6293642131254037,10.0,False,False,False,True,False,False,False,False,False,False,False,False,False
The Fugitive,1993,0.25317293222148435,-0.542212244790168,Andrew Davis,Harrison Ford,-0.01836413860555343,0.2765910491080258,10.0,False,False,False,False,False,False,False,False,False,False,False,False,False
A Bronx Tale,1993,-0.06734421364901232,-0.542212244790168,Robert De Niro,Robert De Niro,-0.4447369155158066,-0.5522653971332078,10.0,False,False,False,False,True,False,False,False,False,False,False,False,False
Batman: Mask of the Phantasm,1993,-1.6699299430014956,-0.542212244790168,Kevin Altieri,Boyd Kirkland,-0.7029235975178787,-0.6102204998439233,10.0,False,True,False,False,False,False,False,False,False,False,False,False,False
Lat sau san taam,1992,0.1819468998058184,-0.542212244790168,John Woo,Yun-Fat Chow,-0.6937245833865802,2.174879027589315,10.0,False,False,False,False,False,False,False,False,False,False,False,False,False
Night on Earth,1991,0.21755991601365138,-0.542212244790168,Jim Jarmusch,Winona Ryder,-0.6672522045143846,-0.6281378837132099,10.0,False,False,False,True,False,False,False,False,False,False,False,False,False
La double vie de Véronique,1991,-0.8864435864291704,-0.542212244790168,Krzysztof Kieslowski,Irène Jacob,-0.7069393797665586,-0.628216760218069,10.0,False,False,False,False,False,True,False,False,False,False,False,False,False
Boyz n the Hood,1991,-0.38786135951950895,-0.542212244790168,John Singleton,Cuba Gooding Jr.,-0.45112121469198024,-0.3520912151136731,10.0,False,False,False,False,True,False,False,False,False,False,False,False,False
Misery,1990,-0.5659264405586738,-0.542212244790168,Rob Reiner,James Caan,-0.2718535167140024,-0.3333220246903019,10.0,False,False,False,False,False,True,False,False,False,False,False,False,False
Awakenings,1990,-0.06734421364901232,-0.542212244790168,Penny Marshall,Robert De Niro,-0.45358447229657384,-0.3789932721567467,10.0,False,False,True,False,False,False,False,False,False,False,False,False,False
Majo no takkyûbin,1989,-0.7083785053900056,-0.542212244790168,Hayao Miyazaki,Kirsten Dunst,-0.4568942836933168,-0.3468164539452599,10.0,False,True,False,False,False,False,False,False,False,False,False,False,False
Glory,1989,-0.03173119744117936,-0.542212244790168,Edward Zwick,Matthew Broderick,-0.46121568102941524,-0.5046906066325586,10.0,False,False,True,False,False,False,False,False,False,False,False,False,False
Dip huet seung hung,1989,-0.4234743757273419,-0.542212244790168,John Woo,Yun-Fat Chow,-0.6970130017272038,2.0946528962319886,10.0,False,False,False,False,False,False,False,False,False,False,False,False,False
Back to the Future Part II,1989,-0.5303134243508408,-0.542212244790168,Robert Zemeckis,Michael J. Fox,0.6363672877747206,-0.04864461480355685,10.0,True,False,False,False,False,False,False,False,False,False,False,False,False
Mississippi Burning,1988,0.1819468998058184,-0.542212244790168,Alan Parker,Gene Hackman,-0.5668515359956399,-0.4660162797441859,10.0,False,False,False,False,True,False,False,False,False,False,False,False,False
Predator,1987,-0.5659264405586738,-0.542212244790168,John McTiernan,Arnold Schwarzenegger,0.298567875500114,-0.3409899054834714,10.0,False,False,False,False,False,False,False,False,False,False,False,False,False
Evil Dead II,1987,-1.3850258133388318,-0.542212244790168,Sam Raimi,Bruce Campbell,-0.383039341667748,-0.608699917041038,10.0,False,False,False,False,False,False,False,False,False,False,False,False,False
Ferris Bueller's Day Off,1986,-0.7083785053900056,-0.542212244790168,John Hughes,Matthew Broderick,0.14574505103646396,-0.289247211812904,10.0,False,False,False,True,False,False,False,False,False,False,False,False,False
Down by Law,1986,-0.5659264405586738,-0.542212244790168,Jim Jarmusch,Tom Waits,-0.6902589082952537,-0.631022360930646,10.0,False,False,False,True,False,False,False,False,False,False,False,False,False
The Goonies,1985,-0.31663532710384307,-0.542212244790168,Richard Donner,Sean Astin,-0.08943187103386496,-0.33219598360743374,10.0,True,False,False,False,False,False,False,False,False,False,False,False,False
The Color Purple,1985,1.1078853212094755,-0.542212244790168,Steven Spielberg,Danny Glover,-0.5970860365939579,-0.14830181766839207,10.0,False,False,False,False,False,True,False,False,False,False,False,False,False
The Breakfast Club,1985,-0.9220566026370034,-0.542212244790168,John Hughes,Emilio Estevez,0.25467849279593485,-0.40994342763999897,10.0,False,False,False,True,False,False,False,False,False,False,False,False,False
The Killing Fields,1984,0.6449161105076469,-0.542212244790168,Roland Joffé,Sam Waterston,-0.6787952863661836,-0.46553696132790207,10.0,False,False,True,False,False,False,False,False,False,False,False,False,False
Ghostbusters,1984,-0.6371524729743396,-0.542212244790168,Ivan Reitman,Bill Murray,0.24974892143587352,0.5489966379520298,10.0,False,False,False,False,False,False,False,False,False,False,False,False,False
The Right Stuff,1983,2.496792953314961,-0.542212244790168,Philip Kaufman,Sam Shepard,-0.6645841848012206,-0.5312066439015515,10.0,True,False,False,False,False,False,False,False,False,False,False,False,False
The King of Comedy,1982,-0.49470040814300786,-0.542212244790168,Martin Scorsese,Robert De Niro,-0.5659438591860068,-0.6257291032094061,10.0,False,False,False,True,False,False,False,False,False,False,False,False,False
E.T. the Extra-Terrestrial,1982,-0.2810223108960101,-0.542212244790168,Steven Spielberg,Henry Thomas,0.3019388099143407,1.5264505539807751,10.0,False,False,False,False,False,False,True,False,False,False,False,False,False
Kramer vs. Kramer,1979,-0.6371524729743396,-0.542212244790168,Robert Benton,Dustin Hoffman,-0.42890605398752524,-0.10953697806293267,10.0,False,False,False,False,False,True,False,False,False,False,False,False,False
Days of Heaven,1978,-1.0288956512605023,-0.542212244790168,Terrence Malick,Richard Gere,-0.6749231432085904,-0.0588622588360208,10.0,False,False,False,False,False,True,False,False,False,False,False,False,False
The Outlaw Josey Wales,1976,0.43123801326064914,-0.542212244790168,Clint Eastwood,Clint Eastwood,-0.6357830189628957,-0.4799655212241356,10.0,False,False,False,False,False,False,False,False,False,False,False,False,True
The Man Who Would Be King,1975,0.21755991601365138,-0.542212244790168,John Huston,Sean Connery,-0.6991737003952531,1.0327004187606028,10.0,True,False,False,False,False,False,False,False,False,False,False,False,False
The Conversation,1974,-0.352248343311676,-0.542212244790168,Francis Ford Coppola,Gene Hackman,-0.5350767353567324,-0.6161773599530335,10.0,False,False,False,False,False,True,False,False,False,False,False,False,False
La planète sauvage,1973,-1.8123820078328274,-0.542212244790168,René Laloux,Barry Bostwick,-0.7593431988062188,-0.6372020552501412,10.0,False,True,False,False,False,False,False,False,False,False,False,False,False
The Day of the Jackal,1973,0.7161421429233128,-0.542212244790168,Fred Zinnemann,Edward Fox,-0.7220092597271677,-0.5582885473354903,10.0,False,False,False,False,True,False,False,False,False,False,False,False,False
Badlands,1973,-1.0288956512605023,-0.542212244790168,Terrence Malick,Martin Sheen,-0.6347133661569307,-0.19979381787740988,10.0,False,False,False,False,False,False,False,False,False,False,False,False,False
Cabaret,1972,0.03949483497448656,-0.542212244790168,Bob Fosse,Liza Minnelli,-0.6887308328581608,-0.42541611247094474,10.0,False,False,False,False,False,True,False,False,False,False,False,False,False
Willy Wonka & the Chocolate Factory,1971,-0.8152175540135045,-0.542212244790168,Mel Stuart,Gene Wilder,-0.29021792731698354,-0.618266803790365,10.0,False,False,False,False,False,False,True,False,False,False,False,False,False
Midnight Cowboy,1969,-0.352248343311676,-0.542212244790168,John Schlesinger,Dustin Hoffman,-0.527396628209904,-0.4153666189187232,10.0,False,False,False,False,False,True,False,False,False,False,False,False,False
Wait Until Dark,1967,-0.5303134243508408,-0.542212244790168,Terence Young,Audrey Hepburn,-0.751690597017258,-0.5508536793291136,10.0,False,False,False,False,False,False,False,False,False,False,False,True,False
Guess Who's Coming to Dinner,1967,-0.5303134243508408,-0.542212244790168,Stanley Kramer,Spencer Tracy,-0.7152948962565819,-0.35609135086805244,10.0,False,False,False,True,False,False,False,False,False,False,False,False,False
Bonnie and Clyde,1967,-0.4234743757273419,-0.542212244790168,Arthur Penn,Warren Beatty,-0.5234511374313304,3.888157062197829,10.0,False,False,False,False,False,False,False,False,False,False,False,False,False
My Fair Lady,1964,1.6776935805348028,-0.542212244790168,George Cukor,Audrey Hepburn,-0.5720133748221393,-0.27997589679383267,10.0,False,False,False,False,False,True,False,False,False,False,False,False,False
Mary Poppins,1964,0.573690078091981,-0.542212244790168,Robert Stevenson,Julie Andrews,-0.35348636271437345,-0.12937312805723833,10.0,False,False,False,True,False,False,False,False,False,False,False,False,False
The Longest Day,1962,1.9625977101974665,-0.542212244790168,Ken Annakin,Andrew Marton,-0.6770960664801363,-0.44364899738480196,10.0,False,False,False,False,False,False,False,False,False,False,False,False,False
Jules et Jim,1962,-0.6371524729743396,-0.542212244790168,François Truffaut,Jeanne Moreau,-0.721520275587298,3.4390928325293464,10.0,False,False,False,False,False,True,False,False,False,False,False,False,False
The Innocents,1961,-0.8152175540135045,-0.542212244790168,Jack Clayton,Deborah Kerr,-0.7539093625519168,-0.6251520187210003,10.0,False,False,False,False,False,False,False,False,False,True,False,False,False
À bout de souffle,1960,-1.1713477160918342,-0.542212244790168,Jean-Luc Godard,Jean-Paul Belmondo,-0.6125807215260787,-0.6364912065572159,10.0,False,False,False,False,True,False,False,False,False,False,False,False,False
Red River,1948,0.3600119808449832,-0.542212244790168,Howard Hawks,Arthur Rosson,-0.7503642275378615,-0.06027809582939432,10.0,False,False,False,False,False,False,False,False,False,False,False,False,False
Key Largo,1948,-0.8152175540135045,-0.542212244790168,John Huston,Humphrey Bogart,-0.7233845276205512,-0.35988957669961763,10.0,False,False,False,False,False,False,False,False,False,False,False,False,False
To Have and Have Not,1944,-0.8152175540135045,-0.542212244790168,Howard Hawks,Humphrey Bogart,-0.7415441761149619,1.7378607451098915,10.0,True,False,False,False,False,False,False,False,False,False,False,False,False
Shadow of a Doubt,1943,-0.5303134243508408,-0.542212244790168,Alfred Hitchcock,Teresa Wright,-0.6544347077480502,-0.02450013608886546,10.0,False,False,False,False,False,False,False,False,True,False,False,False,False
Stagecoach,1939,-0.9576696188448364,-0.542212244790168,John Ford,John Wayne,-0.7031344719281976,1.3765119497919407,10.0,True,False,False,False,False,False,False,False,False,False,False,False,False
The Lady Vanishes,1938,-0.9576696188448364,-0.542212244790168,Alfred Hitchcock,Margaret Lockwood,-0.6915852777746502,1.7209337128457036,10.0,False,False,False,False,False,False,False,False,False,False,True,False,False
Bringing Up Baby,1938,-0.7439915215978385,-0.542212244790168,Howard Hawks,Katharine Hepburn,-0.6678603785383476,0.11919914503324947,10.0,False,False,False,True,False,False,False,False,False,False,False,False,False
Bride of Frankenstein,1935,-1.7055429592093285,-0.542212244790168,James Whale,Boris Karloff,-0.7033759078472582,-0.6164758519297951,10.0,False,False,False,False,False,True,False,False,False,False,False,False,False
Duck Soup,1933,-1.9192210564563263,-0.542212244790168,Leo McCarey,Groucho Marx,-0.6665829074729379,1.104017897875757,10.0,False,False,False,True,False,False,False,False,False,False,False,False,False
Scarface: The Shame of the Nation,1932,-1.0645086674683353,-0.542212244790168,Howard Hawks,Richard Rosson,-0.7590895382836613,-0.22574569038572442,10.0,False,False,False,False,False,False,False,False,False,False,False,False,False
Frankenstein,1931,-1.8836080402484934,-0.542212244790168,James Whale,Colin Clive,-0.6367548749408867,-0.3216757632329928,10.0,False,False,False,False,False,True,False,False,False,False,False,False,False
Roma,2018,0.43123801326064914,-0.9053818662169387,Alfonso Cuarón,Yalitza Aparicio,-0.4074396502472457,2.1371786053981214,10.0,False,False,False,False,False,True,False,False,False,False,False,False,False
God's Own Country,2017,-0.6727654891821726,-0.9053818662169387,Francis Lee,Josh O'Connor,-0.7594379394833185,-0.6364966590106581,10.0,False,False,False,False,False,True,False,False,False,False,False,False,False
Deadpool 2,2018,-0.13857024606467824,-0.9053818662169387,David Leitch,Ryan Reynolds,0.6261841930619342,0.9766342081028988,10.0,False,False,False,False,False,False,False,False,False,False,False,False,False
Wind River,2017,-0.5659264405586738,-0.9053818662169387,Taylor Sheridan,Kelsey Asbille,-0.20857896901486406,-0.47001151525528007,10.0,False,False,False,False,True,False,False,False,False,False,False,False,False
Get Out,2017,-0.6727654891821726,-0.9053818662169387,Jordan Peele,Daniel Kaluuya,0.6697801852821915,0.2376124991969376,10.0,False,False,False,False,False,False,False,False,False,True,False,False,False
Mission: Impossible - Fallout,2018,0.8585942077546447,-0.9053818662169387,Christopher McQuarrie,Tom Cruise,0.0536785059516233,0.4570958336760727,10.0,False,False,False,False,False,False,False,False,False,False,False,False,False
En man som heter Ove,2015,-0.24540929468817713,-0.9053818662169387,Hannes Holm,Rolf Lassgård,-0.691450807136186,-0.6214580909609819,10.0,False,False,False,True,False,False,False,False,False,False,False,False,False
What We Do in the Shadows,2014,-1.3137997809231658,-0.9053818662169387,Jemaine Clement,Taika Waititi,-0.35510917882856596,-0.6215850395986986,10.0,False,False,False,True,False,False,False,False,False,False,False,False,False
Omoide no Mânî,2014,-0.7083785053900056,-0.9053818662169387,James Simone,Hiromasa Yonebayashi,-0.7362111928395081,-0.6343598643960796,10.0,False,True,False,False,False,False,False,False,False,False,False,False,False
The Theory of Everything,2014,0.0038818187666536026,-0.9053818662169387,James Marsh,Eddie Redmayne,0.3987943434190302,-0.45960072203951996,10.0,False,False,True,False,False,False,False,False,False,False,False,False,False
Kingsman: The Secret Service,2014,0.21755991601365138,-0.9053818662169387,Matthew Vaughn,Colin Firth,0.9680268929430883,-8.13432475301174e-05,10.0,False,False,False,False,False,False,False,False,False,False,False,False,False
The Fault in Our Stars,2014,0.11072086739015248,-0.9053818662169387,Josh Boone,Shailene Woodley,0.21582259058153935,-0.016943025668272247,10.0,False,False,False,False,False,True,False,False,False,False,False,False,False
Me and Earl and the Dying Girl,2015,-0.6371524729743396,-0.9053818662169387,Alfonso Gomez-Rejon,Thomas Mann,-0.4598984800026412,-0.6046168850898456,10.0,False,False,False,True,False,False,False,False,False,False,False,False,False
Birdman or (The Unexpected Virtue of Ignorance),2014,-0.13857024606467824,-0.9053818662169387,Alejandro G. Iñárritu,Michael Keaton,0.9370100177209789,-0.427527455669638,10.0,False,False,False,True,False,False,False,False,False,False,False,False,False
La vie d'Adèle,2013,2.0338237426131323,-0.9053818662169387,Abdellatif Kechiche,Léa Seydoux,-0.4124334007756649,-0.6272231799247552,10.0,False,False,False,False,False,True,False,False,False,False,False,False,False
Kai po che!,2013,0.25317293222148435,-0.9053818662169387,Abhishek Kapoor,Amit Sadh,-0.7367307384881197,-0.632581847187836,10.0,False,False,False,False,False,True,False,False,False,False,False,False,False
The Broken Circle Breakdown,2012,-0.4234743757273419,-0.9053818662169387,Felix van Groeningen,Veerle Baetens,-0.7160986639364928,-0.6372953787666757,10.0,False,False,False,False,False,True,False,False,False,False,False,False,False
Captain America: The Winter Soldier,2014,0.4668510294684821,-0.9053818662169387,Anthony Russo,Joe Russo,1.4134364336486434,0.6541376906401335,10.0,False,False,False,False,False,False,False,False,False,False,False,False,False
Rockstar,2011,1.28595040224864,-0.9053818662169387,Imtiaz Ali,Ranbir Kapoor,-0.7157258135298421,-0.633261488544591,10.0,False,False,False,False,False,True,False,False,False,False,False,False,False
Nebraska,2013,-0.2810223108960101,-0.9053818662169387,Alexander Payne,Bruce Dern,-0.4932471983417543,-0.5503354425339263,10.0,True,False,False,False,False,False,False,False,False,False,False,False,False
Wreck-It Ralph,2012,-0.7796045378056715,-0.9053818662169387,Rich Moore,John C. Reilly,0.3254864523999406,0.30418727411739,10.0,False,True,False,False,False,False,False,False,False,False,False,False,False
Le Petit Prince,2015,-0.5303134243508408,-0.9053818662169387,Mark Osborne,Jeff Bridges,-0.6631019516272406,-0.6315041667800695,10.0,False,True,False,False,False,False,False,False,False,False,False,False,False
Detachment,2011,-0.8864435864291704,-0.9053818662169387,Tony Kaye,Adrien Brody,-0.6009062251866898,-0.637812172850642,10.0,False,False,False,False,False,True,False,False,False,False,False,False,False
Midnight in Paris,2011,-0.9576696188448364,-0.9053818662169387,Woody Allen,Owen Wilson,0.3496117074007616,-0.35551097301816964,10.0,False,False,False,True,False,False,False,False,False,False,False,False,False
The Lego Movie,2014,-0.8152175540135045,-0.9053818662169387,Christopher Miller,Phil Lord,0.1536910433093465,0.6441587058676893,10.0,False,True,False,False,False,False,False,False,False,False,False,False,False
Gravity,2013,-1.1357346998840012,-0.9053818662169387,Alfonso Cuarón,Sandra Bullock,1.5141763349144228,0.725408286615471,10.0,False,False,False,False,False,True,False,False,False,False,False,False,False
Star Trek Into Darkness,2013,0.32439896463715023,-0.9053818662169387,J.J. Abrams,Chris Pine,0.5791255819012247,0.4999769771384008,10.0,False,False,False,False,False,False,False,False,False,False,False,False,False
Beasts of No Nation,2015,0.5024640456763151,-0.9053818662169387,Cary Joji Fukunaga,Abraham Attah,-0.6104016859527844,-0.6377490716467545,10.0,False,False,False,False,False,True,False,False,False,False,False,False,False
The Social Network,2010,-0.10295722985684527,-0.9053818662169387,David Fincher,Jesse Eisenberg,1.0735924564392068,-0.15578983217123124,10.0,False,False,True,False,False,False,False,False,False,False,False,False,False
X: First Class,2011,0.28878594842931726,-0.9053818662169387,Matthew Vaughn,James McAvoy,1.1363352338862367,0.09019547065505872,10.0,False,False,False,False,False,False,False,False,False,False,False,False,False
The Hangover,2009,-0.8152175540135045,-0.9053818662169387,Todd Phillips,Zach Galifianakis,1.3565217359186854,0.7414760997748178,10.0,False,False,False,True,False,False,False,False,False,False,False,False,False
Skyfall,2012,0.7161421429233128,-0.9053818662169387,Sam Mendes,Daniel Craig,1.0908046981626198,0.8759854099163952,10.0,False,False,False,False,False,False,False,False,False,False,False,False,False
Silver Linings Playbook,2012,-0.03173119744117936,-0.9053818662169387,David O. Russell,Bradley Cooper,1.1863308060370386,0.018978533587410362,10.0,False,False,False,True,False,False,False,False,False,False,False,False,False
Argo,2012,-0.10295722985684527,-0.9053818662169387,Ben Affleck,Ben Affleck,0.913447094481008,0.03854241909997916,10.0,False,False,True,False,False,False,False,False,False,False,False,False,False
(500) Days of Summer,2009,-0.9932826350526693,-0.9053818662169387,Marc Webb,Zooey Deschanel,0.6067959719161009,-0.4770235146530449,10.0,False,False,False,True,False,False,False,False,False,False,False,False,False
Harry Potter and the Deathly Hallows: Part 1,2010,0.8229811915468117,-0.9053818662169387,David Yates,Daniel Radcliffe,0.6278161776287493,0.8343110943904458,10.0,True,False,False,False,False,False,False,False,False,False,False,False,False
Gake no ue no Ponyo,2008,-0.7796045378056715,-0.9053818662169387,Hayao Miyazaki,Cate Blanchett,-0.4534591701107322,-0.5630935468057423,10.0,False,True,False,False,False,False,False,False,False,False,False,False,False
Frost/Nixon,2008,-0.03173119744117936,-0.9053818662169387,Ron Howard,Frank Langella,-0.5206547593814506,-0.5456678040965137,10.0,False,False,True,False,False,False,False,False,False,False,False,False,False
Papurika,2006,-1.1713477160918342,-0.9053818662169387,Satoshi Kon,Megumi Hayashibara,-0.6183018359625542,-0.6337819093060748,10.0,False,True,False,False,False,False,False,False,False,False,False,False,False
Changeling,2008,0.6449161105076469,-0.9053818662169387,Clint Eastwood,Angelina Jolie,-0.105406371653233,-0.4603655331069775,10.0,False,False,True,False,False,False,False,False,False,False,False,False,False
Flipped,2010,-1.1713477160918342,-0.9053818662169387,Rob Reiner,Madeline Carroll,-0.5875355651121279,-0.6294492385649842,10.0,False,False,False,True,False,False,False,False,False,False,False,False,False
Toki o kakeru shôjo,2006,-0.8864435864291704,-0.9053818662169387,Mamoru Hosoda,Riisa Naka,-0.6519531132382116,1.0011786909407823,10.0,False,True,False,False,False,False,False,False,False,False,False,False,False
Death Note: Desu nôto,2006,0.11072086739015248,-0.9053818662169387,Shûsuke Kaneko,Tatsuya Fujiwara,-0.7489492296831136,0.39232706456155153,10.0,False,False,False,False,True,False,False,False,False,False,False,False,False
This Is England,2006,-0.7796045378056715,-0.9053818662169387,Shane Meadows,Thomas Turgoose,-0.483229135776174,-0.6365349157323463,10.0,False,False,False,False,True,False,False,False,False,False,False,False,False
Ex Machina,2014,-0.5303134243508408,-0.9053818662169387,Alex Garland,Alicia Vikander,0.6125996024261793,-0.5115909551064157,10.0,False,False,False,False,False,True,False,False,False,False,False,False,False
Efter brylluppet,2006,-0.10295722985684527,-0.9053818662169387,Susanne Bier,Mads Mikkelsen,-0.738646945086234,-0.6361139176734555,10.0,False,False,False,False,False,True,False,False,False,False,False,False,False
The Last King of Scotland,2006,0.0038818187666536026,-0.9053818662169387,Kevin Macdonald,James McAvoy,-0.30053549266823404,-0.5505794646997952,10.0,False,False,True,False,False,False,False,False,False,False,False,False,False
Zodiac,2007,1.2147243698329742,-0.9053818662169387,David Fincher,Jake Gyllenhaal,0.5879639702293693,-0.4735972744977863,10.0,False,False,False,False,True,False,False,False,False,False,False,False,False
Lucky Number Slevin,2006,-0.4590873919351749,-0.9053818662169387,Paul McGuigan,Josh Hartnett,0.07894370522851551,-0.5262592040599888,10.0,False,False,False,False,False,False,False,False,False,False,False,False,False
Joyeux Noël,2005,-0.24540929468817713,-0.9053818662169387,Christian Carion,Diane Kruger,-0.7508654362812279,-0.632920963922635,10.0,False,False,False,False,False,True,False,False,False,False,False,False,False
Control,2007,-0.03173119744117936,-0.9053818662169387,Anton Corbijn,Sam Riley,-0.6481604300033473,-0.6338302898806416,10.0,False,False,True,False,False,False,False,False,False,False,False,False,False
Tangled,2010,-0.8152175540135045,-0.9053818662169387,Nathan Greno,Byron Howard,0.4041120459401131,0.3608960086545386,10.0,False,True,False,False,False,False,False,False,False,False,False,False,False
Zwartboek,2006,0.7873681753389787,-0.9053818662169387,Paul Verhoeven,Carice van Houten,-0.6144388612575835,-0.6162848568635979,10.0,False,False,False,False,False,True,False,False,False,False,False,False,False
Brokeback Mountain,2005,0.3956249970528162,-0.9053818662169387,Ang Lee,Jake Gyllenhaal,0.15100468669093736,-0.22503466259761307,10.0,False,False,False,False,False,True,False,False,False,False,False,False,False
3:10 to Yuma,2007,-0.03173119744117936,-0.9053818662169387,James Mangold,Russell Crowe,0.046160374801126766,-0.37147903015888273,10.0,False,False,False,False,False,False,False,False,False,False,False,False,False
Crash,2004,-0.38786135951950895,-0.9053818662169387,Paul Haggis,Don Cheadle,0.4455565079449438,-0.36663657492041346,10.0,False,False,False,False,True,False,False,False,False,False,False,False,False
Kung fu,2004,-0.8508305702213375,-0.9053818662169387,Stephen Chow,Stephen Chow,-0.4475516304709315,-0.5530533164545329,10.0,False,False,False,False,False,False,False,False,False,False,False,False,False
The Bourne Supremacy,2004,-0.5303134243508408,-0.9053818662169387,Paul Greengrass,Matt Damon,0.49249287307068595,0.23861382038218223,10.0,False,False,False,False,False,False,False,False,False,False,False,False,False
The Machinist,2004,-0.7796045378056715,-0.9053818662169387,Brad Anderson,Christian Bale,0.25897544092503977,-0.63277990656415,10.0,False,False,False,False,False,True,False,False,False,False,False,False,False
Ray,2004,1.0366592887938095,-0.9053818662169387,Taylor Hackford,Jamie Foxx,-0.4136100188622264,-0.2634016322975143,10.0,False,False,True,False,False,False,False,False,False,False,False,False,False
Lost in Translation,2003,-0.7439915215978385,-0.9053818662169387,Sofia Coppola,Bill Murray,0.43208193874065953,-0.4163596022280836,10.0,False,False,False,True,False,False,False,False,False,False,False,False,False
Harry Potter and the Goblet of Fire,2005,1.2147243698329742,-0.9053818662169387,Mike Newell,Daniel Radcliffe,0.8402156072337731,0.8046098044636328,10.0,True,False,False,False,False,False,False,False,False,False,False,False,False
Man on Fire,2004,0.8229811915468117,-0.9053818662169387,Tony Scott,Denzel Washington,0.1708360497135276,-0.2505656116700309,10.0,False,False,False,False,False,False,False,False,False,False,False,False,False
Coraline,2009,-0.8152175540135045,-0.9053818662169387,Henry Selick,Dakota Fanning,-0.2320593761812319,-0.2636273469554752,10.0,False,True,False,False,False,False,False,False,False,False,False,False,False
The Last Samurai,2003,1.1078853212094755,-0.9053818662169387,Edward Zwick,Tom Cruise,0.3861632718560212,-0.0854060160599223,10.0,False,False,False,False,False,False,False,False,False,False,False,False,False
The Magdalene Sisters,2002,-0.31663532710384307,-0.9053818662169387,Peter Mullan,Eileen Walsh,-0.7571763878364212,-0.6138348048691407,10.0,False,False,False,False,False,True,False,False,False,False,False,False,False
Good Bye Lenin!,2003,-0.06734421364901232,-0.9053818662169387,Wolfgang Becker,Daniel Brühl,-0.414756075440046,-0.6179474173752301,10.0,False,False,False,True,False,False,False,False,False,False,False,False,False
In America,2002,-0.6371524729743396,-0.9053818662169387,Jim Sheridan,Paddy Considine,-0.7129691654413267,-0.5608604984783907,10.0,False,False,False,False,False,True,False,False,False,False,False,False,False
I Am Sam,2001,0.32439896463715023,-0.9053818662169387,Jessie Nelson,Sean Penn,-0.399835946872272,-0.43762019573442607,10.0,False,False,False,False,False,True,False,False,False,False,False,False,False
Adaptation.,2002,-0.2810223108960101,-0.9053818662169387,Spike Jonze,Nicolas Cage,-0.29072524836209834,-0.5274960851635612,10.0,False,False,False,True,False,False,False,False,False,False,False,False,False
Black Hawk Down,2001,0.7517551591311458,-0.9053818662169387,Ridley Scott,Josh Hartnett,0.27676835131454824,-0.09770303977523463,10.0,False,False,False,False,False,True,False,False,False,False,False,False,False
Road to Perdition,2002,-0.20979627848034416,-0.9053818662169387,Sam Mendes,Tom Hanks,-0.0820665474270777,-0.11851779571535334,10.0,False,False,False,False,True,False,False,False,False,False,False,False,False
Das Experiment,2001,-0.10295722985684527,-0.9053818662169387,Oliver Hirschbiegel,Moritz Bleibtreu,-0.5588199714982801,-0.637464454572046,10.0,False,False,False,False,False,True,False,False,False,False,False,False,False
Billy Elliot,2000,-0.4590873919351749,-0.9053818662169387,Stephen Daldry,Jamie Bell,-0.44901858289054053,-0.5287427767034365,10.0,False,False,False,False,False,True,False,False,False,False,False,False,False
Hedwig and the Angry Inch,2001,-0.9932826350526693,-0.9053818662169387,John Cameron Mitchell,John Cameron Mitchell,-0.7387814157246981,-0.6230969959834557,10.0,False,False,False,True,False,False,False,False,False,False,False,False,False
Ocean's Eleven,2001,-0.24540929468817713,-0.9053818662169387,Steven Soderbergh,George Clooney,0.7416639099939106,0.27430952568364814,10.0,False,False,False,False,True,False,False,False,False,False,False,False,False
Vampire Hunter D: Bloodlust,2000,-0.7083785053900056,-0.9053818662169387,Yoshiaki Kawajiri,Andrew Philpot,-0.7471766621760859,-0.6374146362611246,10.0,False,True,False,False,False,False,False,False,False,False,False,False,False
"O Brother, Where Art Thou?",2000,-0.5659264405586738,-0.9053818662169387,Joel Coen,Ethan Coen,0.0398799847546754,-0.41174722958016846,10.0,True,False,False,False,False,False,False,False,False,False,False,False,False
Interstate 60: Episodes of the Road,2002,-0.24540929468817713,-0.9053818662169387,Bob Gale,James Marsden,-0.7447653591363536,0.22936039000738515,10.0,True,False,False,False,False,False,False,False,False,False,False,False,False
"South Park: Bigger, Longer & Uncut",1999,-1.4918648619623307,-0.9053818662169387,Trey Parker,Trey Parker,-0.24932357246950623,-0.3792861524843452,10.0,False,True,False,False,False,False,False,False,False,False,False,False,False
Office Space,1999,-1.2069607322996672,-0.9053818662169387,Mike Judge,Ron Livingston,-0.09815718177966479,-0.5843137344481638,10.0,False,False,False,True,False,False,False,False,False,False,False,False,False
Happiness,1998,0.3956249970528162,-0.9053818662169387,Todd Solondz,Jane Adams,-0.6334939619581307,-0.6241998790637935,10.0,False,False,False,True,False,False,False,False,False,False,False,False,False
Training Day,2001,-0.03173119744117936,-0.9053818662169387,Antoine Fuqua,Denzel Washington,0.35620688098725406,-0.25693277885039756,10.0,False,False,False,False,True,False,False,False,False,False,False,False,False
Rushmore,1998,-1.0645086674683353,-0.9053818662169387,Wes Anderson,Jason Schwartzman,-0.31925747292349493,-0.5530700917036269,10.0,False,False,False,True,False,False,False,False,False,False,False,False,False
Abre los ojos,1997,-0.13857024606467824,-0.9053818662169387,Alejandro Amenábar,Eduardo Noriega,-0.6406025688914864,-0.636334353998294,10.0,False,False,False,False,False,True,False,False,False,False,False,False,False
Being John Malkovich,1999,-0.352248343311676,-0.9053818662169387,Spike Jonze,John Cusack,0.11872867730866342,-0.5244461687680049,10.0,False,False,False,True,False,False,False,False,False,False,False,False,False
As Good as It Gets,1997,0.573690078091981,-0.9053818662169387,James L. Brooks,Jack Nicholson,0.006302055099998406,0.10049198124264938,10.0,False,False,False,True,False,False,False,False,False,False,False,False,False
The Fifth Element,1997,0.11072086739015248,-0.9053818662169387,Luc Besson,Bruce Willis,0.49030466904476905,-0.32206316601989915,10.0,False,False,False,False,False,False,False,False,False,False,False,False,False
Le dîner de cons,1998,-1.5274778781701637,-0.9053818662169387,Francis Veber,Thierry Lhermitte,-0.7220734388955256,-0.6179428603977182,10.0,False,False,False,True,False,False,False,False,False,False,False,False,False
Donnie Brasco,1997,0.14633388359798544,-0.9053818662169387,Mike Newell,Al Pacino,0.017191120664721636,-0.4296708071579727,10.0,False,False,True,False,False,False,False,False,False,False,False,False,False
Shine,1996,-0.6371524729743396,-0.9053818662169387,Scott Hicks,Geoffrey Rush,-0.6795134818216172,-0.46000880037068337,10.0,False,False,True,False,False,False,False,False,False,False,False,False,False
Primal Fear,1996,0.21755991601365138,-0.9053818662169387,Gregory Hoblit,Richard Gere,-0.2566461099640549,-0.35899576237467,10.0,False,False,False,False,True,False,False,False,False,False,False,False,False
Hamlet,1996,4.241830747498776,-0.9053818662169387,Kenneth Branagh,Kenneth Branagh,-0.7264529030982335,-0.6162045475972502,10.0,False,False,False,False,False,True,False,False,False,False,False,False,False
A Little Princess,1995,-0.9220566026370034,-0.9053818662169387,Alfonso Cuarón,Liesel Matthews,-0.7379287496308004,-0.5883215563709447,10.0,False,False,False,False,False,True,False,False,False,False,False,False,False
Do lok tin si,1995,-0.8508305702213375,-0.9053818662169387,Kar-Wai Wong,Leon Lai,-0.7556758177571961,0.2718783234575234,10.0,False,False,False,True,False,False,False,False,False,False,False,False,False
Il postino,1994,-0.5303134243508408,-0.9053818662169387,Michael Radford,Massimo Troisi,-0.7337601598384113,-0.5294707538609617,10.0,False,False,True,False,False,False,False,False,False,False,False,False,False
Clerks,1994,-1.1001216836761682,-0.9053818662169387,Kevin Smith,Brian O'Halloran,-0.19022372686450545,-0.6224898185289259,10.0,False,False,False,True,False,False,False,False,False,False,False,False,False
Short Cuts,1993,2.318727872275796,-0.9053818662169387,Robert Altman,Andie MacDowell,-0.7072480510048513,-0.6077649655468262,10.0,False,False,False,True,False,False,False,False,False,False,False,False,False
Philadelphia,1993,0.07510785118231952,-0.9053818662169387,Jonathan Demme,Tom Hanks,-0.15135254389573904,-0.25348760932894604,10.0,False,False,False,False,False,True,False,False,False,False,False,False,False
The Muppet Christmas Carol,1992,-1.3494127971309988,-0.9053818662169387,Brian Henson,Michael Caine,-0.6827285525412604,-0.5024444196833633,10.0,False,False,False,True,False,False,False,False,False,False,False,False,False
Malcolm X,1992,2.8173100991854576,-0.9053818662169387,Spike Lee,Denzel Washington,-0.5741710173393143,-0.3985274179186975,10.0,False,False,True,False,False,False,False,False,False,False,False,False,False
The Last of the Mohicans,1992,-0.38786135951950895,-0.9053818662169387,Michael Mann,Daniel Day-Lewis,-0.3767742323756676,-0.262534731999138,10.0,False,False,False,False,False,False,False,False,False,False,False,False,False
Kurenai no buta,1992,-1.0288956512605023,-0.9053818662169387,Hayao Miyazaki,Shûichirô Moriyama,-0.5986844035011569,3.6976526421874127,10.0,False,True,False,False,False,False,False,False,False,False,False,False,False
Glengarry Glen Ross,1992,-0.8152175540135045,-0.9053818662169387,James Foley,Al Pacino,-0.5435881155413392,-0.5848096937921521,10.0,False,False,False,False,True,False,False,False,False,False,False,False,False
A Few Good Men,1992,0.5380770618841481,-0.9053818662169387,Rob Reiner,Tom Cruise,-0.11706558723825099,0.06498221654324086,10.0,False,False,False,False,False,True,False,False,False,False,False,False,False
Fried Green Tomatoes,1991,0.25317293222148435,-0.9053818662169387,Jon Avnet,Kathy Bates,-0.6318650335421897,-0.2281452474874462,10.0,False,False,False,False,False,True,False,False,False,False,False,False,False
Barton Fink,1991,-0.24540929468817713,-0.9053818662169387,Joel Coen,Ethan Coen,-0.4903683042182715,-0.607551245291465,10.0,False,False,False,True,False,False,False,False,False,False,False,False,False
Miller's Crossing,1990,-0.2810223108960101,-0.9053818662169387,Joel Coen,Ethan Coen,-0.4519158139192685,-0.6128919134883472,10.0,False,False,False,False,True,False,False,False,False,False,False,False,False
Who Framed Roger Rabbit,1988,-0.6727654891821726,-0.9053818662169387,Robert Zemeckis,Bob Hoskins,-0.2801998647514032,0.14016335093126644,10.0,False,True,False,False,False,False,False,False,False,False,False,False,False
Spoorloos,1988,-0.5659264405586738,-0.9053818662169387,George Sluizer,Bernard-Pierre Donnadieu,-0.7325927102044724,1.1921707871428322,10.0,False,False,False,False,False,False,False,False,False,False,True,False,False
Withnail & I,1987,-0.5659264405586738,-0.9053818662169387,Bruce Robinson,Richard E. Grant,-0.7129905584974461,-0.6304806527163527,10.0,False,False,False,True,False,False,False,False,False,False,False,False,False
The Last Emperor,1987,1.428402467079972,-0.9053818662169387,Bernardo Bertolucci,John Lone,-0.5481723418526175,-0.4193506062571597,10.0,False,False,True,False,False,False,False,False,False,False,False,False,False
Empire of the Sun,1987,1.0722723050016425,-0.9053818662169387,Steven Spielberg,Christian Bale,-0.48292046453788123,-0.5275317300804528,10.0,False,False,False,False,False,False,False,False,False,False,False,False,False
Der Name der Rose,1986,0.25317293222148435,-0.9053818662169387,Jean-Jacques Annaud,Sean Connery,-0.5246246993670177,-0.6025786276516625,10.0,False,False,False,False,True,False,False,False,False,False,False,False,False
Blue Velvet,1986,-0.10295722985684527,-0.9053818662169387,David Lynch,Isabella Rossellini,-0.28241251798431355,-0.5956250530834825,10.0,False,False,False,False,False,True,False,False,False,False,False,False,False
The Purple Rose of Cairo,1985,-1.4562518457544977,-0.9053818662169387,Woody Allen,Mia Farrow,-0.6924960107351575,-0.5852768088614527,10.0,False,False,False,True,False,False,False,False,False,False,False,False,False
After Hours,1985,-0.9220566026370034,-0.9053818662169387,Martin Scorsese,Griffin Dunne,-0.6541932718289896,-0.5854326863465839,10.0,False,False,False,True,False,False,False,False,False,False,False,False,False
Zelig,1983,-1.5630908943779966,-0.9053818662169387,Woody Allen,Woody Allen,-0.7145644761976516,-0.5794697320262816,10.0,False,False,False,True,False,False,False,False,False,False,False,False,False
The Verdict,1982,0.21755991601365138,-0.9053818662169387,Sidney Lumet,Paul Newman,-0.726132007256444,-0.3695234898223265,10.0,False,False,False,False,False,True,False,False,False,False,False,False,False
Star Trek II: The Wrath of Khan,1982,-0.352248343311676,-0.9053818662169387,Nicholas Meyer,William Shatner,-0.49200640108683497,-0.245584830274664,10.0,False,False,False,False,False,False,False,False,False,False,False,False,False
First Blood,1982,-1.0645086674683353,-0.9053818662169387,Ted Kotcheff,Sylvester Stallone,-0.14410335402217084,-0.40328838484751084,10.0,False,False,False,False,False,False,False,False,False,False,False,False,False
Ordinary People,1980,0.03949483497448656,-0.9053818662169387,Robert Redford,Donald Sutherland,-0.6925051791877801,-0.3655435967988379,10.0,False,False,False,False,False,True,False,False,False,False,False,False,False
Airplane!,1980,-1.2425737485075,-0.9053818662169387,Jim Abrahams,David Zucker,-0.17973501706430053,-0.22326242120911988,10.0,False,False,False,True,False,False,False,False,False,False,False,False,False
Rupan sansei: Kariosutoro no shiro,1979,-0.8152175540135045,-0.9053818662169387,Hayao Miyazaki,Yasuo Yamada,-0.7538879694957975,3.1539332188038753,10.0,False,True,False,False,False,False,False,False,False,False,False,False,False
Halloween,1978,-1.1357346998840012,-0.9053818662169387,John Carpenter,Donald Pleasence,-0.12403972353314249,-0.40434755377785186,10.0,False,False,False,False,False,False,False,False,False,True,False,False,False
Le locataire,1976,0.11072086739015248,-0.9053818662169387,Roman Polanski,Roman Polanski,-0.7145400269906581,-0.6285909796093352,10.0,False,False,False,False,False,True,False,False,False,False,False,False,False
Love and Death,1975,-1.3494127971309988,-0.9053818662169387,Woody Allen,Woody Allen,-0.7263123201580209,3.068971686355545,10.0,False,False,False,True,False,False,False,False,False,False,False,False,False
The Taking of Pelham One Two Three,1974,-0.6727654891821726,-0.9053818662169387,Joseph Sargent,Walter Matthau,-0.7547589724949404,2.6465615415204407,10.0,False,False,False,False,False,False,False,False,False,False,False,False,False
Blazing Saddles,1974,-1.0645086674683353,-0.9053818662169387,Mel Brooks,Cleavon Little,-0.4513932121197827,-0.04366974852419608,10.0,False,False,False,True,False,False,False,False,False,False,False,False,False
Serpico,1973,0.25317293222148435,-0.9053818662169387,Sidney Lumet,Al Pacino,-0.5004505459522097,-0.4899152537828571,10.0,False,False,True,False,False,False,False,False,False,False,False,False,False
Enter the Dragon,1973,-0.7439915215978385,-0.9053818662169387,Robert Clouse,Bruce Lee,-0.5413418446488129,-0.5137946119237888,10.0,False,False,False,False,False,False,False,False,False,False,False,False,False
Deliverance,1972,-0.49470040814300786,-0.9053818662169387,John Boorman,Jon Voight,-0.5346824918939624,-0.6030635477673768,10.0,True,False,False,False,False,False,False,False,False,False,False,False,False
The French Connection,1971,-0.6727654891821726,-0.9053818662169387,William Friedkin,Gene Hackman,-0.5000410217350688,-0.5604055768063408,10.0,False,False,False,False,False,False,False,False,False,False,False,False,False
Dirty Harry,1971,-0.7439915215978385,-0.9053818662169387,Don Siegel,Clint Eastwood,-0.39852485814724636,-0.4595685694787564,10.0,False,False,False,False,False,False,False,False,False,False,False,False,False
Where Eagles Dare,1968,1.2503373860408071,-0.9053818662169387,Brian G. Hutton,Richard Burton,-0.6777928688794507,3.6241681909188292,10.0,False,False,False,False,False,False,False,False,False,False,False,False,False
The Odd Couple,1968,-0.6371524729743396,-0.9053818662169387,Gene Saks,Jack Lemmon,-0.7399580338112596,-0.4166492339680017,10.0,False,False,False,True,False,False,False,False,False,False,False,False,False
The Dirty Dozen,1967,0.9654332563781436,-0.9053818662169387,Robert Aldrich,Lee Marvin,-0.6311254450306368,-0.4128048264527652,10.0,False,False,False,False,False,False,False,False,False,False,False,False,False
Belle de jour,1967,-0.8152175540135045,-0.9053818662169387,Luis Buñuel,Catherine Deneuve,-0.7133634089040967,-0.6380352757038062,10.0,False,False,False,False,False,True,False,False,False,False,False,False,False
A Man for All Seasons,1966,-0.10295722985684527,-0.9053818662169387,Fred Zinnemann,Paul Scofield,-0.7410276866172245,-0.49712880988793023,10.0,False,False,True,False,False,False,False,False,False,False,False,False,False
Repulsion,1965,-0.6371524729743396,-0.9053818662169387,Roman Polanski,Catherine Deneuve,-0.687053006028233,1.55428067730313,10.0,False,False,False,False,False,True,False,False,False,False,False,False,False
Zulu,1964,0.5380770618841481,-0.9053818662169387,Cy Endfield,Stanley Baker,-0.72642845389124,3.2931051278433245,10.0,False,False,False,False,False,True,False,False,False,False,False,False,False
Goldfinger,1964,-0.4590873919351749,-0.9053818662169387,Guy Hamilton,Sean Connery,-0.30431289514872745,-0.3840448160500713,10.0,False,False,False,False,False,False,False,False,False,False,False,False,False
The Birds,1963,-0.13857024606467824,-0.9053818662169387,Alfred Hitchcock,Rod Taylor,-0.3115865342292891,-0.5814352370199954,10.0,False,False,False,False,False,True,False,False,False,False,False,False,False
Cape Fear,1962,-0.6015394567665068,-0.9053818662169387,J. Lee Thompson,Gregory Peck,-0.7555902455327189,3.657093413088784,10.0,False,False,False,False,False,True,False,False,False,False,False,False,False
Peeping Tom,1960,-0.7796045378056715,-0.9053818662169387,Michael Powell,Karlheinz Böhm,-0.7406242747018321,-0.6377485940595917,10.0,False,False,False,False,False,True,False,False,False,False,False,False,False
The Magnificent Seven,1960,0.1819468998058184,-0.9053818662169387,John Sturges,Yul Brynner,-0.5683643306783617,-0.6137645498075435,10.0,False,False,False,False,False,False,False,False,False,False,False,False,False
Les yeux sans visage,1960,-1.1713477160918342,-0.9053818662169387,Georges Franju,Pierre Brasseur,-0.7520359420660411,-0.6379040486810892,10.0,False,False,False,False,False,True,False,False,False,False,False,False,False
Invasion of the Body Snatchers,1956,-1.5274778781701637,-0.9053818662169387,Don Siegel,Kevin McCarthy,-0.6994120801634395,0.5757049587775863,10.0,False,False,False,False,False,True,False,False,False,False,False,False,False
Rebel Without a Cause,1955,-0.4234743757273419,-0.9053818662169387,Nicholas Ray,James Dean,-0.5816769238863141,0.8196406415711109,10.0,False,False,False,False,False,True,False,False,False,False,False,False,False
The Ladykillers,1955,-1.1357346998840012,-0.9053818662169387,Alexander Mackendrick,Alec Guinness,-0.7555688524765996,1.0200799491392716,10.0,False,False,False,True,False,False,False,False,False,False,False,False,False
Sabrina,1954,-0.352248343311676,-0.9053818662169387,Billy Wilder,Humphrey Bogart,-0.6548656250213104,0.3544917538460593,10.0,False,False,False,True,False,False,False,False,False,False,False,False,False
The Quiet Man,1952,0.21755991601365138,-0.9053818662169387,John Ford,John Wayne,-0.7304686853469133,-0.5856814296605519,10.0,False,False,False,True,False,False,False,False,False,False,False,False,False
The Day the Earth Stood Still,1951,-1.1001216836761682,-0.9053818662169387,Robert Wise,Michael Rennie,-0.603216675247574,3.814692838735538,10.0,False,False,False,False,False,True,False,False,False,False,False,False,False
The African Queen,1951,-0.6371524729743396,-0.9053818662169387,John Huston,Humphrey Bogart,-0.6179901085733872,-0.6354991535478497,10.0,True,False,False,False,False,False,False,False,False,False,False,False,False
Gilda,1946,-0.4590873919351749,-0.9053818662169387,Charles Vidor,Rita Hayworth,-0.7509021100917181,2.0096293769498175,10.0,False,False,False,False,False,True,False,False,False,False,False,False,False
Fantasia,1940,0.07510785118231952,-0.9053818662169387,James Algar,Samuel Armstrong,-0.5654823804040047,-0.2580462036723813,10.0,False,True,False,False,False,False,False,False,False,False,False,False,False
The Invisible Man,1933,-1.8479950240406604,-0.9053818662169387,James Whale,Claude Rains,-0.7426749519384106,0.8482815138761467,10.0,False,False,False,False,False,False,False,False,False,True,False,False,False
Dark Waters,2019,0.11072086739015248,-1.2685514876437125,Todd Haynes,Mark Ruffalo,-0.6518308672032441,1.4919079182106731,10.0,False,False,True,False,False,False,False,False,False,False,False,False,False
Searching,2018,-0.7439915215978385,-1.2685514876437125,Aneesh Chaganty,John Cho,-0.4060185400907494,-0.5087154873718115,10.0,False,False,False,False,False,True,False,False,False,False,False,False,False
Once Upon a Time... in Hollywood,2019,1.357176434664306,-1.2685514876437125,Quentin Tarantino,Leonardo DiCaprio,0.8484366530853323,0.07076574733631172,10.0,False,False,False,True,False,False,False,False,False,False,False,False,False
Nelyubov,2017,0.14633388359798544,-1.2685514876437125,Andrey Zvyagintsev,Maryana Spivak,-0.7454804984409129,-0.6353487235412945,10.0,False,False,False,False,False,True,False,False,False,False,False,False,False
The Florida Project,2017,-0.4234743757273419,-1.2685514876437125,Sean Baker,Brooklynn Prince,-0.5455593328551889,-0.6087928375934039,10.0,False,False,False,False,False,True,False,False,False,False,False,False,False
Just Mercy,2019,0.5024640456763151,-1.2685514876437125,Destin Daniel Cretton,Michael B. Jordan,-0.6936053935024868,0.7523000208110149,10.0,False,False,True,False,False,False,False,False,False,False,False,False,False
Gifted,2017,-0.7796045378056715,-1.2685514876437125,Marc Webb,Chris Evans,-0.5319227876545728,-0.5147835556417304,10.0,False,False,False,False,False,True,False,False,False,False,False,False,False
The Peanut Butter Falcon,2019,-0.9220566026370034,-1.2685514876437125,Tyler Nilson,Michael Schwartz,-0.6336834433123302,-0.5728828797258847,10.0,True,False,False,False,False,False,False,False,False,False,False,False,False
Victoria,2015,0.5380770618841481,-1.2685514876437125,Sebastian Schipper,Laia Costa,-0.674767279514007,2.9342699931600786,10.0,False,False,False,False,True,False,False,False,False,False,False,False,False
Mustang,2015,-0.9220566026370034,-1.2685514876437125,Deniz Gamze Ergüven,Günes Sensoy,-0.7270824701783157,-0.6339601985637946,10.0,False,False,False,False,False,True,False,False,False,False,False,False,False
Guardians of the Galaxy Vol. 2,2017,0.4668510294684821,-1.2685514876437125,James Gunn,Chris Pratt,0.9054797091520063,1.3011017825101459,10.0,False,False,False,False,False,False,False,False,False,False,False,False,False
Baby Driver,2017,-0.352248343311676,-1.2685514876437125,Edgar Wright,Ansel Elgort,0.5064442018113431,-0.10174702400100026,10.0,False,False,False,False,False,False,False,False,False,False,False,False,False
Only the Brave,2017,0.3956249970528162,-1.2685514876437125,Joseph Kosinski,Josh Brolin,-0.6580562465339602,-0.5469269676261513,10.0,False,False,False,False,False,False,False,False,False,False,False,False,False
Bridge of Spies,2015,0.6805291267154798,-1.2685514876437125,Steven Spielberg,Tom Hanks,0.042682475106303575,-0.2784150125992181,10.0,False,False,False,False,False,True,False,False,False,False,False,False,False
Incredibles 2,2018,-0.1741832622725112,-1.2685514876437125,Brad Bird,Craig T. Nelson,-0.07223491006482269,2.3894465275523604,10.0,False,True,False,False,False,False,False,False,False,False,False,False,False
Moana,2016,-0.5659264405586738,-1.2685514876437125,Ron Clements,John Musker,-0.0027777691472069587,0.5993667610412552,10.0,False,True,False,False,False,False,False,False,False,False,False,False,False
Sicario,2015,-0.06734421364901232,-1.2685514876437125,Denis Villeneuve,Emily Blunt,0.2982744850161922,-0.40489830629904106,10.0,False,False,False,False,False,False,False,False,False,False,False,False,False
Creed,2015,0.3600119808449832,-1.2685514876437125,Ryan Coogler,Michael B. Jordan,-0.07954216680500041,-0.09208723162390614,10.0,False,False,False,False,False,True,False,False,False,False,False,False,False
Leviafan,2014,0.6093030942998139,-1.2685514876437125,Andrey Zvyagintsev,Aleksey Serebryakov,-0.6854821444789017,-0.6327297350377226,10.0,False,False,False,False,True,False,False,False,False,False,False,False,False
Hell or High Water,2016,-0.7439915215978385,-1.2685514876437125,David Mackenzie,Chris Pine,-0.21245722447420556,-0.5045291722217934,10.0,False,False,False,False,False,False,False,False,False,False,False,False,False
Philomena,2013,-0.8864435864291704,-1.2685514876437125,Stephen Frears,Judi Dench,-0.5485207430522747,-0.4505754091830967,10.0,False,False,True,False,False,False,False,False,False,False,False,False,False
Dawn of the Planet of the Apes,2014,0.25317293222148435,-1.2685514876437125,Matt Reeves,Gary Oldman,0.4214618144528646,0.3993201495177222,10.0,False,False,False,False,False,False,False,False,False,False,False,False,False
El cuerpo,2012,-0.38786135951950895,-1.2685514876437125,Oriol Paulo,Jose Coronado,-0.6605684025525408,0.06000981282268837,10.0,False,False,False,False,False,False,False,False,False,False,True,False,False
Serbuan maut,2011,-0.7796045378056715,-1.2685514876437125,Gareth Evans,Iko Uwais,-0.25415534700159365,-0.6177438309224798,10.0,False,False,False,False,False,False,False,False,False,False,False,False,False
End of Watch,2012,-0.49470040814300786,-1.2685514876437125,David Ayer,Jake Gyllenhaal,-0.13924101798134159,-0.4341799811797888,10.0,False,False,False,False,False,False,False,False,False,False,False,False,False
Kari-gurashi no Arietti,2010,-1.0288956512605023,-1.2685514876437125,Hiromasa Yonebayashi,Amy Poehler,-0.5890850336053399,-0.542635190285877,10.0,False,True,False,False,False,False,False,False,False,False,False,False,False
A Star Is Born,2018,0.4668510294684821,-1.2685514876437125,Bradley Cooper,Lady Gaga,0.18526108183968354,0.4328670508774113,10.0,False,False,False,False,False,True,False,False,False,False,False,False,False
True Grit,2010,-0.4590873919351749,-1.2685514876437125,Ethan Coen,Joel Coen,0.1165282486792498,0.21374478224309962,10.0,False,False,False,False,False,True,False,False,False,False,False,False,False
Hævnen,2010,-0.1741832622725112,-1.2685514876437125,Susanne Bier,Mikael Persbrandt,-0.7188125259127696,-0.633151116161317,10.0,False,False,False,False,False,True,False,False,False,False,False,False,False
Despicable Me,2010,-0.9932826350526693,-1.2685514876437125,Pierre Coffin,Chris Renaud,0.6942293922756763,0.6130821738563423,10.0,False,True,False,False,False,False,False,False,False,False,False,False,False
50/50,2011,-0.8152175540135045,-1.2685514876437125,Jonathan Levine,Joseph Gordon-Levitt,0.12754261642981463,-0.4639753458279444,10.0,False,False,False,True,False,False,False,False,False,False,False,False,False
Kick-Ass,2010,-0.20979627848034416,-1.2685514876437125,Matthew Vaughn,Aaron Taylor-Johnson,0.7652237770830073,-0.39901796460817385,10.0,False,False,False,False,False,False,False,False,False,False,False,False,False
Celda 211,2009,-0.352248343311676,-1.2685514876437125,Daniel Monzón,Luis Tosar,-0.6412137990663235,0.5662764628584185,10.0,False,False,False,False,False,False,False,False,False,False,False,False,False
Moneyball,2011,0.3600119808449832,-1.2685514876437125,Bennett Miller,Brad Pitt,0.2928895471758772,-0.2620390562225276,10.0,False,False,True,False,False,False,False,False,False,False,False,False,False
La piel que habito,2011,-0.10295722985684527,-1.2685514876437125,Pedro Almodóvar,Antonio Banderas,-0.4117671598850925,-0.6223172802166251,10.0,False,False,False,False,False,True,False,False,False,False,False,False,False
Zombieland,2009,-1.2425737485075,-1.2685514876437125,Ruben Fleischer,Jesse Eisenberg,0.7528769275512975,-0.2621147040391716,10.0,True,False,False,False,False,False,False,False,False,False,False,False,False
Die Welle,2008,-0.5659264405586738,-1.2685514876437125,Dennis Gansel,Jürgen Vogel,-0.5224517760954718,3.9613874619701246,10.0,False,False,False,False,False,True,False,False,False,False,False,False,False
Sherlock Holmes,2009,0.1819468998058184,-1.2685514876437125,Guy Ritchie,Robert Downey Jr.,0.9457720022772689,0.4017234576686186,10.0,False,False,False,False,False,False,False,False,False,False,False,False,False
The Blind Side,2009,0.21755991601365138,-1.2685514876437125,John Lee Hancock,Quinton Aaron,0.05981831305786214,0.6351978921525779,10.0,False,False,True,False,False,False,False,False,False,False,False,False,False
The Visitor,2007,-0.6727654891821726,-1.2685514876437125,Tom McCarthy,Richard Jenkins,-0.709482097293881,-0.591290979430101,10.0,False,False,False,False,False,True,False,False,False,False,False,False,False
Seven Pounds,2008,0.0038818187666536026,-1.2685514876437125,Gabriele Muccino,Will Smith,0.03996555697915259,-0.29016529851042866,10.0,False,False,False,False,False,True,False,False,False,False,False,False,False
Eastern Promises,2007,-0.8152175540135045,-1.2685514876437125,David Cronenberg,Naomi Watts,-0.1403779061065386,-0.5530220195707695,10.0,False,False,False,False,False,False,False,False,False,False,False,False,False
Stardust,2007,0.14633388359798544,-1.2685514876437125,Matthew Vaughn,Charlie Cox,-0.05701833486225267,-0.44596261864641407,10.0,True,False,False,False,False,False,False,False,False,False,False,False,False
The Secret of Kells,2009,-1.8479950240406604,-1.2685514876437125,Tomm Moore,Nora Twomey,-0.7393254105803032,-0.6347516052663816,10.0,False,True,False,False,False,False,False,False,False,False,False,False,False
Inside Man,2006,0.21755991601365138,-1.2685514876437125,Spike Lee,Denzel Washington,0.20190182334962403,-0.19782346736393996,10.0,False,False,False,False,True,False,False,False,False,False,False,False,False
Gone Baby Gone,2007,-0.31663532710384307,-1.2685514876437125,Ben Affleck,Morgan Freeman,-0.07060598164888177,-0.5371753989159356,10.0,False,False,False,False,True,False,False,False,False,False,False,False,False
La Vie En Rose,2007,0.6093030942998139,-1.2685514876437125,Olivier Dahan,Marion Cotillard,-0.5834556036950901,-0.5869166591085195,10.0,False,False,True,False,False,False,False,False,False,False,False,False,False
Huo Yuan Jia,2006,-0.6727654891821726,-1.2685514876437125,Ronny Yu,Jet Li,-0.6137665080652628,-0.5156167561959303,10.0,False,False,False,False,False,False,False,False,False,False,False,False,False
The Illusionist,2006,-0.4590873919351749,-1.2685514876437125,Neil Burger,Edward Norton,0.24765545808705638,-0.43982510621810156,10.0,False,False,False,False,False,True,False,False,False,False,False,False,False
Dead Man's Shoes,2004,-1.1713477160918342,-1.2685514876437125,Shane Meadows,Paddy Considine,-0.6844705585395462,-0.6381363550368703,10.0,False,False,False,False,True,False,False,False,False,False,False,False,False
Harry Potter and the Half-Blood Prince,2009,1.0722723050016425,-1.2685514876437125,David Yates,Daniel Radcliffe,0.6146961219258706,0.8640403579903476,10.0,False,False,False,False,False,False,False,False,False,False,False,False,False
300,2006,-0.20979627848034416,-1.2685514876437125,Zack Snyder,Gerard Butler,1.403332798858586,0.40961488905291743,10.0,False,False,False,False,False,False,False,False,False,False,False,False,False
Match Point,2005,0.03949483497448656,-1.2685514876437125,Woody Allen,Scarlett Johansson,-0.20598124077180632,-0.5232969746574726,10.0,False,False,False,False,False,True,False,False,False,False,False,False,False
Watchmen,2009,1.392789450872139,-1.2685514876437125,Zack Snyder,Jackie Earle Haley,0.6940704724302186,-0.10331939516185386,10.0,False,False,False,False,False,False,False,False,False,False,False,False,False
Lord of War,2005,-0.03173119744117936,-1.2685514876437125,Andrew Niccol,Nicolas Cage,0.062489388921900334,-0.5180250790120363,10.0,False,False,False,False,False,False,False,False,False,False,False,False,False
Saw,2004,-0.7083785053900056,-1.2685514876437125,James Wan,Cary Elwes,0.32189547512277256,-0.35957192153794787,10.0,False,False,False,False,False,False,False,False,False,True,False,False,False
"Synecdoche, New York",2008,0.03949483497448656,-1.2685514876437125,Charlie Kaufman,Philip Seymour Hoffman,-0.5823034348155222,-0.6228341041497891,10.0,False,False,False,False,False,True,False,False,False,False,False,False,False
Mysterious Skin,2004,-0.6371524729743396,-1.2685514876437125,Gregg Araki,Brady Corbet,-0.6349272967181238,-0.634697886660297,10.0,False,False,False,False,False,True,False,False,False,False,False,False,False
Jeux d'enfants,2003,-1.0645086674683353,-1.2685514876437125,Yann Samuell,Guillaume Canet,-0.630584506325906,-0.6354365249562589,10.0,False,False,False,True,False,False,False,False,False,False,False,False,False
Un long dimanche de fiançailles,2004,0.3600119808449832,-1.2685514876437125,Jean-Pierre Jeunet,Audrey Tautou,-0.6196893284594344,-0.60748220409724,10.0,False,False,False,False,False,True,False,False,False,False,False,False,False
The Station Agent,2003,-1.2069607322996672,-1.2685514876437125,Tom McCarthy,Peter Dinklage,-0.6305539448171641,-0.6096136407808356,10.0,False,False,False,True,False,False,False,False,False,False,False,False,False
21 Grams,2003,0.03949483497448656,-1.2685514876437125,Alejandro G. Iñárritu,Sean Penn,-0.15020343116704526,-0.5571233291806722,10.0,False,False,False,False,True,False,False,False,False,False,False,False,False
Boksuneun naui geot,2002,0.21755991601365138,-1.2685514876437125,Chan-wook Park,Kang-ho Song,-0.6449514715854524,-0.6379409621888821,10.0,False,False,False,False,True,False,False,False,False,False,False,False,False
Finding Neverland,2004,-0.6015394567665068,-1.2685514876437125,Marc Forster,Johnny Depp,-0.2292599419804779,-0.38106212999741423,10.0,False,False,True,False,False,False,False,False,False,False,False,False,False
25th Hour,2002,0.43123801326064914,-1.2685514876437125,Spike Lee,Edward Norton,-0.31779357665476005,-0.5731903214870829,10.0,False,False,False,False,False,True,False,False,False,False,False,False,False
The Butterfly Effect,2004,-0.352248343311676,-1.2685514876437125,Eric Bress,J. Mackye Gruber,0.5433411113153856,-0.3499290188318722,10.0,False,False,False,False,False,True,False,False,False,False,False,False,False
28 Days Later...,2002,-0.352248343311676,-1.2685514876437125,Danny Boyle,Cillian Murphy,0.3152727961784124,-0.4139743428920487,10.0,False,False,False,False,False,True,False,False,False,False,False,False,False
Batoru rowaiaru,2000,-0.31663532710384307,-1.2685514876437125,Kinji Fukasaku,Tatsuya Fujiwara,-0.31967922174413255,0.3361935738122855,10.0,False,False,False,False,False,False,False,False,False,False,False,False,False
The Royal Tenenbaums,2001,-0.4590873919351749,-1.2685514876437125,Wes Anderson,Gene Hackman,-0.02093741764161769,-0.3776623213066979,10.0,False,False,False,True,False,False,False,False,False,False,False,False,False
Y tu mamá también,2001,-0.6015394567665068,-1.2685514876437125,Alfonso Cuarón,Maribel Verdú,-0.4824620419067534,-0.5703969838198847,10.0,False,False,False,False,False,True,False,False,False,False,False,False,False
Harry Potter and the Sorcerer's Stone,2001,1.0366592887938095,-1.2685514876437125,Chris Columbus,Daniel Radcliffe,1.1750658339147906,0.941729625936642,10.0,True,False,False,False,False,False,False,False,False,False,False,False,False
The Others,2001,-0.7796045378056715,-1.2685514876437125,Alejandro Amenábar,Nicole Kidman,0.1954655696085892,-0.1579788081582139,10.0,False,False,False,False,False,False,False,False,False,True,False,False,False
Blow,2001,0.03949483497448656,-1.2685514876437125,Ted Demme,Johnny Depp,-0.10078852768233858,-0.37454424924311436,10.0,False,False,True,False,False,False,False,False,False,False,False,False,False
Enemy at the Gates,2001,0.28878594842931726,-1.2685514876437125,Jean-Jacques Annaud,Jude Law,-0.09157423279666906,-0.38244939633374536,10.0,False,False,False,False,False,True,False,False,False,False,False,False,False
Minority Report,2002,0.7873681753389787,-1.2685514876437125,Steven Spielberg,Tom Cruise,0.7173522297897643,0.018878877066102206,10.0,False,False,False,False,False,False,False,False,False,False,False,False,False
The Hurricane,1999,0.8229811915468117,-1.2685514876437125,Norman Jewison,Denzel Washington,-0.5566348236232375,-0.3860952370363075,10.0,False,False,True,False,False,False,False,False,False,False,False,False,False
American Psycho,2000,-0.7796045378056715,-1.2685514876437125,Mary Harron,Christian Bale,0.661256580494088,-0.5631936162409517,10.0,False,False,False,True,False,False,False,False,False,False,False,False,False
Lola rennt,1998,-1.4918648619623307,-1.2685514876437125,Tom Tykwer,Franka Potente,-0.2609216650370405,-0.6020110053589199,10.0,False,False,False,False,True,False,False,False,False,False,False,False,False
The Thin Red Line,1998,1.6776935805348028,-1.2685514876437125,Terrence Malick,Jim Caviezel,-0.3086190117304549,-0.45707869367973286,10.0,False,False,False,False,False,True,False,False,False,False,False,False,False
Mulan,1998,-1.2425737485075,-1.2685514876437125,Tony Bancroft,Barry Cook,-0.05130333272752563,-0.03809663467527706,10.0,False,True,False,False,False,False,False,False,False,False,False,False,False
Fear and Loathing in Las Vegas,1998,-0.1741832622725112,-1.2685514876437125,Terry Gilliam,Johnny Depp,-0.04260247118871928,-0.5850333289560082,10.0,True,False,False,False,False,False,False,False,False,False,False,False,False
Funny Games,1997,-0.5303134243508408,-1.2685514876437125,Michael Haneke,Susanne Lothar,-0.6376197656382812,0.4431003358894575,10.0,False,False,False,False,True,False,False,False,False,False,False,False,False
Dark City,1998,-0.8152175540135045,-1.2685514876437125,Alex Proyas,Rufus Sewell,-0.2621135638779729,-0.5666359948624204,10.0,False,False,False,False,False,False,False,False,False,False,True,False,False
Sleepers,1996,0.8585942077546447,-1.2685514876437125,Barry Levinson,Robert De Niro,-0.2657595518708763,-0.3939003345911943,10.0,False,False,False,False,True,False,False,False,False,False,False,False,False
Lost Highway,1997,0.3956249970528162,-1.2685514876437125,David Lynch,Bill Pullman,-0.4357823934544428,-0.6192781990798253,10.0,False,False,False,False,False,False,False,False,False,False,True,False,False
Sense and Sensibility,1995,0.4668510294684821,-1.2685514876437125,Ang Lee,Emma Thompson,-0.5228918618213545,-0.4233377327362185,10.0,False,False,False,False,False,True,False,False,False,False,False,False,False
Die Hard: With a Vengeance,1995,0.1819468998058184,-1.2685514876437125,John McTiernan,Bruce Willis,0.27727567235966305,-0.14061746011810536,10.0,False,False,False,False,False,False,False,False,False,False,False,False,False
Dead Man,1995,-0.06734421364901232,-1.2685514876437125,Jim Jarmusch,Johnny Depp,-0.5600424318479544,-0.6330031188643723,10.0,True,False,False,False,False,False,False,False,False,False,False,False,False
The Bridges of Madison County,1995,0.43123801326064914,-1.2685514876437125,Clint Eastwood,Clint Eastwood,-0.6128221574451393,-0.2823806625805489,10.0,False,False,False,False,False,True,False,False,False,False,False,False,False
Apollo 13,PG,0.6093030942998139,-1.2685514876437125,Ron Howard,Tom Hanks,-0.013740182332910642,0.2266542020476687,10.0,True,False,False,False,False,False,False,False,False,False,False,False,False
Trois couleurs: Blanc,1994,-1.1001216836761682,-1.2685514876437125,Krzysztof Kieslowski,Zbigniew Zamachowski,-0.6396612744222372,-0.6308799553833992,10.0,False,False,False,True,False,False,False,False,False,False,False,False,False
Falling Down,1993,-0.352248343311676,-1.2685514876437125,Joel Schumacher,Michael Douglas,-0.31188909316583346,-0.43467636338741084,10.0,False,False,False,False,False,False,False,False,False,False,False,False,False
Dazed and Confused,1993,-0.7439915215978385,-1.2685514876437125,Richard Linklater,Jason London,-0.33076082481392943,-0.5984019687170925,10.0,False,False,False,True,False,False,False,False,False,False,False,False,False
My Cousin Vinny,1992,-0.10295722985684527,-1.2685514876437125,Jonathan Lynn,Joe Pesci,-0.5084454366390792,-0.37485073582998696,10.0,False,False,False,True,False,False,False,False,False,False,False,False,False
Omohide poro poro,1991,-0.1741832622725112,-1.2685514876437125,Isao Takahata,Miki Imai,-0.7537137688959689,-0.6359114455907517,10.0,False,True,False,False,False,False,False,False,False,False,False,False,False
Delicatessen,1991,-0.8508305702213375,-1.2685514876437125,Marc Caro,Jean-Pierre Jeunet,-0.5904664138004718,-0.6292404285026406,10.0,False,False,False,True,False,False,False,False,False,False,False,False,False
Home Alone,1990,-0.7083785053900056,-1.2685514876437125,Chris Columbus,Macaulay Culkin,0.6574516726557269,0.7834577028411107,10.0,False,False,False,True,False,False,False,False,False,False,False,False,False
The Godfather: Part III,1990,1.392789450872139,-1.2685514876437125,Francis Ford Coppola,Al Pacino,0.26318376067879334,-0.3065115250862337,10.0,False,False,False,False,True,False,False,False,False,False,False,False,False
When Harry Met Sally...,1989,-0.9932826350526693,-1.2685514876437125,Rob Reiner,Billy Crystal,-0.23847118071527323,-0.17638127133893572,10.0,False,False,False,True,False,False,False,False,False,False,False,False,False
The Little Mermaid,1989,-1.4206388295466648,-1.2685514876437125,Ron Clements,John Musker,-0.11001199102063067,-0.08325237654812191,10.0,False,True,False,False,False,False,False,False,False,False,False,False,False
The Naked Gun: From the Files of Police Squad!,1988,-1.3494127971309988,-1.2685514876437125,David Zucker,Leslie Nielsen,-0.3692499889234227,-0.24636481965913984,10.0,False,False,False,True,False,False,False,False,False,False,False,False,False
"Planes, Trains & Automobiles",1987,-1.0645086674683353,-1.2685514876437125,John Hughes,Steve Martin,-0.45512171618628916,-0.3917597491285109,10.0,False,False,False,True,False,False,False,False,False,False,False,False,False
Lethal Weapon,1987,-0.49470040814300786,-1.2685514876437125,Richard Donner,Mel Gibson,-0.1124630240217275,-0.3137695316215129,10.0,False,False,False,False,False,False,False,False,False,False,False,False,False
Blood Simple,1984,-0.8508305702213375,-1.2685514876437125,Joel Coen,Ethan Coen,-0.5682848707556329,-0.6274703064071824,10.0,False,False,False,False,True,False,False,False,False,False,False,False,False
On Golden Pond,1981,-0.49470040814300786,-1.2685514876437125,Mark Rydell,Katharine Hepburn,-0.7519442575398154,-0.04473719563202596,10.0,False,False,False,False,False,True,False,False,False,False,False,False,False
Mad Max 2,1981,-0.9576696188448364,-1.2685514876437125,George Miller,Mel Gibson,-0.32732876738221905,-0.5761527150601864,10.0,False,False,False,False,False,False,False,False,False,False,False,False,False
The Warriors,1979,-1.1001216836761682,-1.2685514876437125,Walter Hill,Michael Beck,-0.5495414974442527,-0.5262813322651995,10.0,False,False,False,False,False,False,False,False,False,False,False,False,False
The Muppet Movie,1979,-0.9932826350526693,-1.2685514876437125,James Frawley,Jim Henson,-0.7361989682360114,-0.25680794453084954,10.0,True,False,False,False,False,False,False,False,False,False,False,False,False
Escape from Alcatraz,1979,-0.38786135951950895,-1.2685514876437125,Don Siegel,Clint Eastwood,-0.4644185271455617,-0.424247018895295,10.0,False,False,False,False,False,False,False,False,False,False,False,False,False
Watership Down,1978,-1.1357346998840012,-1.2685514876437125,Martin Rosen,John Hubley,-0.7335890153894569,0.5201889832549784,10.0,False,True,False,False,False,False,False,False,False,False,False,False,False
Midnight Express,1978,-0.06734421364901232,-1.2685514876437125,Alan Parker,Brad Davis,-0.6113246435167885,-0.4640459491301811,10.0,False,False,True,False,False,False,False,False,False,False,False,False,False
Close Encounters of the Third Kind,1977,0.5380770618841481,-1.2685514876437125,Steven Spielberg,Richard Dreyfuss,-0.2711628266164364,0.018957027240484686,10.0,False,False,False,False,False,True,False,False,False,False,False,False,False
The Long Goodbye,1973,-0.38786135951950895,-1.2685514876437125,Robert Altman,Elliott Gould,-0.7559569836376211,-0.6333953721459011,10.0,False,False,False,True,False,False,False,False,False,False,False,False,False
Giù la testa,1971,1.2147243698329742,-1.2685514876437125,Sergio Leone,Rod Steiger,-0.7443222172595966,-0.6347003293196403,10.0,False,False,False,False,False,True,False,False,False,False,False,False,False
Kelly's Heroes,1970,0.7517551591311458,-1.2685514876437125,Brian G. Hutton,Clint Eastwood,-0.6978870608772209,-0.6313087391080174,10.0,True,False,False,False,False,False,False,False,False,False,False,False,False
The Jungle Book,1967,-1.5987039105858296,-1.2685514876437125,Wolfgang Reitherman,Phil Harris,-0.3278758183886983,0.06748673337372457,10.0,False,True,False,False,False,False,False,False,False,False,False,False,False
Blowup,1966,-0.4234743757273419,-1.2685514876437125,Michelangelo Antonioni,David Hemmings,-0.663734574858197,2.508599838351574,10.0,False,False,False,False,False,True,False,False,False,False,False,False,False
A Hard Day's Night,1964,-1.2781867647153329,-1.2685514876437125,Richard Lester,John Lennon,-0.7131280852867844,-0.569612492181426,10.0,False,False,False,True,False,False,False,False,False,False,False,False,False
Breakfast at Tiffany's,1961,-0.2810223108960101,-1.2685514876437125,Blake Edwards,Audrey Hepburn,-0.3274632380206832,2.7441173111202115,10.0,False,False,False,True,False,False,False,False,False,False,False,False,False
Giant,1956,2.7816970829776246,-1.2685514876437125,George Stevens,Elizabeth Taylor,-0.7323084881731731,0.3330142661196693,10.0,False,False,False,False,False,True,False,False,False,False,False,False,False
From Here to Eternity,1953,-0.1741832622725112,-1.2685514876437125,Fred Zinnemann,Burt Lancaster,-0.7038893411941214,-0.4864328473873046,10.0,False,False,False,False,False,True,False,False,False,False,False,False,False
Lifeboat,1944,-0.9220566026370034,-1.2685514876437125,Alfred Hitchcock,Tallulah Bankhead,-0.7555474594204803,3.6011298538218885,10.0,False,False,False,False,False,True,False,False,False,False,False,False,False
The 39 Steps,1935,-1.3137997809231658,-1.2685514876437125,Alfred Hitchcock,Robert Donat,-0.6779762379319019,0.8681612486739259,10.0,False,False,False,False,True,False,False,False,False,False,False,False,False
